06-19-2019,78.385,77.9455,78.259,77.7875,
06-18-2019,78.5445,78.3655,77.9145,77.8385,
06-17-2019,78.591,78.307,78.358,78.219,
06-16-2019,78.3355,78.3005,78.3215,78.241,
06-14-2019,78.71,78.444,78.276,78.227,
06-13-2019,78.5625,78.3205,78.4095,78.2765,
06-12-2019,78.744,78.589,78.321,78.272,
06-11-2019,78.716,78.65,78.624,78.476,
06-10-2019,78.8195,78.5415,78.6755,78.4515,
06-09-2019,78.6,78.6,78.5065,78.451,
06-07-2019,78.864,77.991,78.6,77.871,
06-06-2019,78.2875,77.9125,77.9905,77.6965,
06-05-2019,78.391,77.962,77.857,77.843,
06-04-2019,78.1465,77.7515,77.9665,77.6135,
06-03-2019,77.907,77.714,77.755,77.363,
06-02-2019,77.759,77.7105,77.7455,77.6235,
05-31-2019,77.9855,77.7525,77.8145,77.5715,
05-30-2019,77.926,77.734,77.719,77.596,
05-29-2019,78.1215,77.6815,77.7445,77.6495,
05-28-2019,78.076,77.831,77.688,77.652,
05-27-2019,77.971,77.678,77.834,77.629,
05-26-2019,77.781,77.6805,77.7395,77.6145,
05-24-2019,78.0795,77.9155,77.7365,77.6845,
05-23-2019,78.035,77.651,77.889,77.344,
05-22-2019,77.9625,77.7635,77.6775,77.6495,
05-21-2019,77.996,77.765,77.727,77.639,
05-20-2019,78.526,78.449,77.757,77.389,
05-19-2019,78.4925,78.4185,78.45,78.362,
05-17-2019,78.572,78.358,78.429,78.27,
05-16-2019,78.853,78.682,78.363,78.307,
05-15-2019,78.954,78.86,78.693,78.599,
05-14-2019,79.3615,79.2245,78.8595,78.7295,
05-13-2019,79.5035,78.6905,79.2075,78.6065,
05-12-2019,78.732,78.711,78.669,78.634,
05-10-2019,78.855,78.785,78.662,78.276,
05-09-2019,79.0765,78.0375,78.7365,77.9905,
05-08-2019,78.207,77.924,78.027,77.815,
05-07-2019,77.9745,77.6975,77.9395,77.5945,
05-06-2019,77.821,77.4,77.699,77.103,
05-05-2019,77.411,77.411,77.2835,77.114,
05-03-2019,77.6425,77.5935,77.4005,77.1165,
05-02-2019,78.078,77.895,77.59,77.506,
05-01-2019,78.3565,78.1355,77.8625,77.8065,
04-30-2019,78.276,78.091,78.109,77.962,
04-29-2019,78.1395,77.9185,78.0975,77.8155,
04-28-2019,77.963,77.9005,77.876,77.8235,
04-26-2019,78.234,78.099,77.876,77.801,
04-25-2019,78.378,78.075,78.113,77.963,
04-24-2019,78.4895,78.3385,78.0335,77.9425,
04-23-2019,78.6075,78.4645,78.3415,78.1135,
04-22-2019,78.5705,78.0645,78.4785,77.9545,
04-21-2019,78.0825,78.045,78.0415,78.01,
04-19-2019,78.107,78.003,78.072,77.927,
04-18-2019,78.5595,78.4305,77.9375,77.9025,
04-17-2019,78.6865,78.4475,78.4335,78.3945,
04-16-2019,78.791,78.438,78.437,78.384,
04-15-2019,78.6645,78.1945,78.4825,78.1015,
04-14-2019,78.24,78.1915,78.202,78.1535,
04-12-2019,78.415,77.679,78.202,77.665,
04-11-2019,78.0875,77.9565,77.6645,77.5995,
04-10-2019,78.2335,78.0125,77.9565,77.6535,
04-09-2019,78.5655,78.3905,78.0265,78.0125,
04-08-2019,78.4955,77.5895,78.3255,77.5545,
04-07-2019,77.633,77.5915,77.5985,77.56,
04-05-2019,77.892,77.416,77.581,77.375,
04-04-2019,77.7205,76.8905,77.4025,76.8765,
04-03-2019,77.417,77.208,76.9,76.781,
04-02-2019,77.738,77.622,77.225,76.966,
04-01-2019,77.9935,77.6155,77.5995,77.5135,
03-31-2019,77.788,77.74,77.65,77.6255,
03-29-2019,77.8345,77.6155,77.6115,77.5225,
03-28-2019,78.029,77.751,77.697,77.502,
03-27-2019,77.995,77.744,77.696,77.492,
03-26-2019,78.092,77.936,77.731,77.71,
03-25-2019,78.314,78.28,77.935,77.84,
03-24-2019,78.2625,78.2625,78.1345,78.058,
03-22-2019,78.428,78.264,78.259,77.796,
03-21-2019,78.6945,78.5095,78.2645,77.9485,
03-20-2019,78.7675,78.3485,78.5135,77.9955,
03-19-2019,78.465,77.804,78.342,77.556,
03-18-2019,78.189,78.061,77.797,77.652,
03-17-2019,78.1695,78.1145,78.0695,78.0485,
03-15-2019,78.55,78.42,78.112,77.999,
03-14-2019,79.0045,78.7365,78.4105,78.3165,
03-13-2019,78.849,78.601,78.752,78.391,
03-12-2019,78.7395,78.5745,78.5925,78.2905,
03-11-2019,78.746,78.69,78.578,78.376,
03-10-2019,78.717,78.717,78.633,78.626,
03-08-2019,78.886,78.485,78.696,78.239,
03-07-2019,79.355,79.253,78.488,78.362,
03-06-2019,79.8695,79.7525,79.2395,79.1655,
03-05-2019,80.498,80.398,79.71,79.659,
03-04-2019,80.922,80.794,80.408,80.184,
03-03-2019,80.908,80.7695,80.7625,80.7305,
03-01-2019,80.883,80.634,80.773,80.415,
02-28-2019,81.1405,80.9615,80.5525,80.5165,
02-27-2019,81.331,80.877,80.951,80.7,
02-26-2019,81.097,80.524,80.951,80.431,
02-25-2019,80.758,80.541,80.461,80.284,
02-24-2019,80.621,80.5785,80.5645,80.447,
02-22-2019,80.8545,80.6755,80.5785,80.4785,
02-21-2019,80.9435,80.5105,80.6725,80.4815,
02-20-2019,81.0065,80.8685,80.5045,80.4375,
02-19-2019,81.0205,80.7305,80.8615,80.5485,
02-18-2019,80.9335,80.5285,80.7415,80.4995,
02-17-2019,80.621,80.571,80.564,80.485,
02-15-2019,80.6785,80.2175,80.5605,80.1195,
02-14-2019,80.48,79.857,80.221,79.715,
02-13-2019,80.2415,79.8805,79.8125,79.7885,
02-12-2019,80.4185,80.2365,79.8845,79.6145,
02-11-2019,80.7145,80.6215,80.2175,80.1275,
02-10-2019,80.67,80.6445,80.5985,80.5275,
02-08-2019,81.026,80.864,80.645,80.435,
02-07-2019,81.5475,81.2915,80.9005,80.8225,
02-06-2019,81.688,81.587,81.295,81.274,
02-05-2019,82.147,82.032,81.648,81.547,
02-04-2019,82.2875,81.8335,82.0325,81.7625,
02-03-2019,81.904,81.8145,81.8285,81.768,
02-01-2019,82.0735,81.2265,81.8355,81.1485,
01-31-2019,81.9005,81.7645,81.2275,81.0825,
01-30-2019,81.945,81.647,81.767,81.224,
01-29-2019,81.705,81.233,81.613,81.155,
01-28-2019,81.3965,80.8685,81.2115,80.8185,
01-27-2019,80.929,80.929,80.922,80.8225,
01-25-2019,80.9895,80.2725,80.8755,80.2085,
01-24-2019,81.2275,81.0145,80.2725,80.1825,
01-23-2019,81.1645,80.9375,81.0215,80.8225,
01-22-2019,81.2045,80.8965,80.9445,80.8395,
01-21-2019,81.385,80.963,80.916,80.884,
01-20-2019,81.233,80.9655,80.934,80.898,
01-18-2019,81.238,80.983,80.916,80.822,
01-17-2019,81.36,80.871,80.958,80.807,
01-16-2019,81.389,81.164,80.914,80.821,
01-15-2019,81.6205,81.1755,81.1465,80.8205,
01-14-2019,81.414,80.75,81.208,80.525,
01-13-2019,80.761,80.74,80.6805,80.529,
01-11-2019,81.394,80.983,80.74,80.656,
01-10-2019,81.633,81.448,80.983,80.903,
01-09-2019,81.5315,80.2615,81.4405,80.1985,
01-08-2019,80.4865,80.0925,80.2545,79.8365,
01-07-2019,80.173,79.242,80.103,79.149,
01-06-2019,79.381,79.2385,79.36,79.2315,
01-04-2019,80.0635,79.8765,79.2525,79.2105,
01-03-2019,80.1645,79.4035,79.8835,79.1515,
01-02-2019,80.3675,79.6415,79.4045,79.3015,
01-01-2019,80.2105,79.7635,79.6205,79.3495,
12-31-2018,80.111,80.02,79.8,79.51,
12-30-2018,80.027,80.027,80.027,80.027,
12-28-2018,80.556,80.422,80.024,79.926,
12-27-2018,80.612,79.558,80.429,79.537,
12-26-2018,80.0065,79.5865,79.5505,79.4735,
12-25-2018,80.1435,79.9335,79.5945,79.5805,
12-24-2018,80.229,79.77,79.916,79.596,
12-23-2018,79.763,79.763,79.763,79.763,
12-21-2018,80.562,80.088,79.767,79.62,
12-20-2018,80.5375,79.9555,80.0985,79.7775,
12-19-2018,80.437,80.239,79.956,79.538,
12-18-2018,81.353,81.252,80.235,80.143,
12-17-2018,81.3745,81.3315,81.2595,81.0155,
12-16-2018,81.313,81.313,81.313,81.313,
12-14-2018,81.611,81.269,81.338,81.057,
12-13-2018,81.793,81.678,81.283,81.004,
12-12-2018,81.923,81.786,81.671,81.431,
12-11-2018,82.433,82.347,81.811,81.527,
12-10-2018,82.9165,80.7915,82.3575,80.6355,
12-09-2018,80.717,80.717,80.717,80.717,
12-07-2018,80.9575,80.6065,80.6245,80.1615,
12-06-2018,80.933,80.054,80.595,80.012,
12-05-2018,80.178,79.999,80.047,79.766,
12-04-2018,80.661,79.974,80.02,79.822,
12-03-2018,80.0265,78.8095,79.9775,78.8095,
12-02-2018,78.83,78.83,78.83,78.83,
11-30-2018,79.569,79.514,78.823,78.732,
11-29-2018,80.3885,80.3035,79.5005,79.2525,
11-28-2018,80.441,79.926,80.293,79.53,
11-27-2018,80.5235,80.2085,79.9055,79.8365,
11-26-2018,80.6405,80.1495,80.2245,79.7095,
11-25-2018,80.169,80.169,80.169,80.169,
11-23-2018,80.7105,80.6115,80.1335,80.0205,
11-22-2018,81.302,81.174,80.643,80.516,
11-21-2018,81.473,81.217,81.181,81.06,
11-20-2018,82.0635,82.0205,81.2235,81.1445,
11-19-2018,82.232,82.107,82.015,81.706,
11-18-2018,82.194,82.194,82.194,82.194,
11-16-2018,82.223,81.48,82.201,81.31,
11-15-2018,81.956,81.775,81.465,81.249,
11-14-2018,82.2075,81.9825,81.7825,81.3445,
11-13-2018,82.0265,81.7415,81.9895,81.5275,
11-12-2018,82.561,82.127,81.734,81.705,
11-11-2018,82.163,82.163,82.163,82.163,
11-09-2018,82.626,82.24,82.163,82.011,
11-08-2018,82.877,82.77,82.249,82.155,
11-07-2018,83.722,83.379,82.781,82.767,
11-06-2018,83.4665,83.3695,83.3655,83.1435,
11-05-2018,83.494,82.524,83.362,82.444,
11-04-2018,82.487,82.487,82.487,82.487,
11-02-2018,83.8715,83.7975,82.4875,82.3795,
11-01-2018,83.9295,83.6575,83.8045,83.5575,
10-31-2018,84.0875,83.5865,83.6595,83.5205,
10-30-2018,83.808,83.472,83.586,83.428,
10-29-2018,83.8895,83.7925,83.4745,83.4385,
10-28-2018,83.766,83.766,83.766,83.766,
10-26-2018,83.8995,83.2935,83.7885,83.1565,
10-25-2018,83.7905,83.4205,83.3025,83.1375,
10-24-2018,84.4055,84.3615,83.4235,83.2315,
10-23-2018,84.5945,84.3495,84.3765,84.2075,
10-22-2018,84.6855,84.4325,84.3365,84.2595,
10-21-2018,84.491,84.491,84.491,84.491,
10-19-2018,84.6415,84.1965,84.4875,83.9705,
10-18-2018,84.84,84.64,84.214,84.177,
10-17-2018,85.1835,85.0415,84.6475,84.5235,
10-16-2018,85.628,85.416,85.032,84.996,
10-15-2018,85.8595,85.0865,85.4185,84.9245,
10-14-2018,85.101,85.101,85.101,85.101,
10-12-2018,85.972,85.839,85.115,84.844,
10-11-2018,86.184,85.529,85.854,85.439,
10-10-2018,85.748,85.424,85.536,85.159,
10-09-2018,85.5245,85.1175,85.4205,84.8695,
10-08-2018,85.1825,84.9835,85.1155,84.8715,
10-07-2018,84.99,84.99,84.99,84.99,
10-05-2018,85.3505,84.7725,85.0125,84.4755,
10-04-2018,84.98,84.18,84.781,84.092,
10-03-2018,85.0105,84.2135,84.1855,84.0905,
10-02-2018,84.4615,84.4475,84.2135,83.9075,
10-01-2018,84.7755,84.1715,84.4325,84.0625,
09-30-2018,84.137,84.137,84.137,84.137,
09-28-2018,84.604,84.472,84.177,83.864,
09-27-2018,85.3665,85.2285,84.4825,84.4465,
09-26-2018,85.653,85.527,85.225,85.141,
09-25-2018,85.787,85.367,85.565,85.236,
09-24-2018,85.9155,84.8895,85.3725,84.7815,
09-23-2018,84.904,84.904,84.904,84.904,
09-21-2018,85.36,84.811,84.882,84.558,
09-20-2018,84.8805,84.4485,84.8085,84.2955,
09-19-2018,85.245,84.824,84.466,84.285,
09-18-2018,85.582,84.756,84.838,84.557,
09-17-2018,84.837,83.55,84.752,83.506,
09-16-2018,83.593,83.593,83.593,83.593,
09-14-2018,84.278,84.213,83.6,83.514,
09-13-2018,84.305,83.903,84.212,83.621,
09-12-2018,84.51,84.291,83.893,83.375,
09-11-2018,84.433,84.01,84.313,83.83,
09-10-2018,84.1715,82.9835,84.0045,82.8835,
09-09-2018,82.943,82.943,82.943,82.943,
09-07-2018,83.752,83.635,82.939,82.918,
09-06-2018,83.874,83.457,83.62,83.378,
09-05-2018,83.523,82.903,83.451,82.759,
09-04-2018,82.967,82.773,82.91,82.388,
09-03-2018,82.816,82.338,82.78,82.04,
09-02-2018,82.387,82.387,82.387,82.387,
08-31-2018,82.946,82.567,82.387,82.259,
08-30-2018,82.861,82.571,82.563,82.343,
08-29-2018,82.613,81.976,82.582,81.878,
08-28-2018,82.263,81.945,81.982,81.766,
08-27-2018,82.051,81.376,81.939,81.046,
08-26-2018,81.319,81.319,81.319,81.319,
08-24-2018,81.4515,80.8995,81.3195,80.8575,
08-23-2018,81.2955,81.0055,80.8975,80.6765,
08-22-2018,81.2455,80.8275,81.0285,80.6955,
08-21-2018,81.052,80.168,80.835,80.147,
08-20-2018,80.212,80.205,80.164,79.418,
08-19-2018,80.187,80.187,80.187,80.187,
08-17-2018,80.2365,79.7345,80.1735,79.6505,
08-16-2018,80.1445,79.3305,79.7415,79.2605,
08-15-2018,79.4125,79.3565,79.3245,79.0025,
08-14-2018,79.9405,79.8985,79.3625,79.2645,
08-13-2018,80.061,78.459,79.886,78.294,
08-12-2018,78.61,78.61,78.61,78.61,
08-10-2018,79.4305,79.2535,78.6105,78.4245,
08-09-2018,79.7825,79.7075,79.2595,79.2465,
08-08-2018,79.8285,79.5975,79.7215,79.4115,
08-07-2018,79.749,79.533,79.604,79.478,
08-06-2018,79.663,79.323,79.523,79.213,
08-05-2018,79.296,79.296,79.296,79.296,
08-03-2018,79.7405,79.4925,79.2895,79.2485,
08-02-2018,79.9665,79.6905,79.4955,79.4815,
08-01-2018,80.222,80.036,79.696,79.675,
07-31-2018,80.535,80.318,80.04,79.971,
07-30-2018,80.412,79.994,80.309,79.925,
07-29-2018,79.973,79.973,79.973,79.973,
07-27-2018,80.0505,79.9305,79.9765,79.7735,
07-26-2018,80.7205,80.6105,79.9375,79.9105,
07-25-2018,80.678,80.561,80.61,80.156,
07-24-2018,80.8,80.494,80.572,80.439,
07-23-2018,80.7775,80.6125,80.4935,80.4245,
07-22-2018,80.563,80.563,80.563,80.563,
07-20-2018,80.7125,80.3665,80.5635,80.1225,
07-19-2018,80.615,79.885,80.36,79.844,
07-18-2018,80.0445,79.7905,79.8655,79.6035,
07-17-2018,80.3615,80.2785,79.7965,79.7215,
07-16-2018,80.464,79.981,80.272,79.967,
07-15-2018,80.042,80.042,80.042,80.042,
07-13-2018,80.066,79.965,80.046,79.546,
07-12-2018,80.287,80.232,79.98,79.836,
07-11-2018,80.8735,80.7525,80.2355,80.1735,
07-10-2018,80.9105,80.6765,80.7455,80.4685,
07-09-2018,81.0215,80.8375,80.6825,80.5565,
07-08-2018,80.812,80.812,80.812,80.812,
07-06-2018,81.0475,80.5145,80.8255,80.4385,
07-05-2018,80.8295,80.0705,80.5275,80.0435,
07-04-2018,80.2065,79.9125,80.0685,79.8085,
07-03-2018,80.2355,79.9845,79.9085,79.7855,
07-02-2018,80.1,79.759,79.987,79.629,
07-01-2018,79.989,79.989,79.989,79.989,
06-29-2018,80.2125,79.6415,79.9955,79.4385,
06-28-2018,79.934,79.313,79.641,79.293,
06-27-2018,80.017,79.627,79.303,79.214,
06-26-2018,79.932,79.724,79.634,79.405,
06-25-2018,79.7965,79.1175,79.7215,79.0355,
06-24-2018,79.123,79.123,79.123,79.123,
06-22-2018,79.197,78.849,79.116,78.722,
06-21-2018,79.0545,78.7535,78.8365,78.3635,
06-20-2018,79.231,79.177,78.759,78.607,
06-19-2018,79.2485,79.0835,79.1715,78.7425,
06-18-2018,79.1515,79.0165,79.0825,78.7015,
06-17-2018,79.011,79.011,79.011,79.011,
06-15-2018,79.1475,78.2985,79.0105,78.2105,
06-14-2018,80.1855,79.7665,78.3105,78.2635,
06-13-2018,79.8415,79.2555,79.7605,79.2215,
06-12-2018,79.6125,79.5065,79.2555,79.1745,
06-11-2018,79.7475,79.4505,79.5065,79.3355,
06-10-2018,79.476,79.476,79.476,79.476,
06-08-2018,79.7095,79.5555,79.4695,79.2095,
06-07-2018,79.764,78.697,79.549,78.684,
06-06-2018,78.951,78.618,78.694,78.529,
06-05-2018,78.7575,78.4585,78.6275,78.2245,
06-04-2018,78.77,78.092,78.462,78.072,
06-03-2018,78.116,78.116,78.116,78.116,
06-01-2018,78.9315,78.8305,78.1195,77.8305,
05-31-2018,79.177,78.669,78.839,78.478,
05-30-2018,78.785,78.287,78.655,78.061,
05-29-2018,78.908,78.358,78.287,78.074,
05-28-2018,79.348,78.921,78.342,78.221,
05-27-2018,78.899,78.899,78.899,78.899,
05-25-2018,80.135,80.094,78.919,78.871,
05-24-2018,80.356,79.969,80.091,79.856,
05-23-2018,80.3115,80.1135,79.9655,79.8215,
05-22-2018,80.4895,80.3275,80.1205,80.0215,
05-21-2018,80.352,79.98,80.318,79.819,
05-18-2018,80.385,79.932,80.075,79.885,
05-17-2018,80.238,80.028,79.922,79.749,
05-16-2018,80.6315,80.5775,80.0255,79.7405,
05-15-2018,81.1135,80.5685,80.5895,80.4025,
05-14-2018,81.0655,80.5225,80.5785,80.3875,
05-11-2018,80.5765,80.1355,80.4545,79.9345,
05-10-2018,80.3445,79.8235,80.1225,79.7625,
05-09-2018,80.028,79.633,79.813,79.533,
05-08-2018,80.163,80.035,79.646,79.477,
05-07-2018,80.317,79.867,80.048,79.84,
05-04-2018,80.2105,79.9305,79.9165,79.6195,
05-03-2018,80.101,79.698,79.927,79.665,
05-02-2018,80.2465,80.1135,79.7015,79.6265,
05-01-2018,80.3205,80.2605,80.1165,79.6945,
04-30-2018,80.873,80.773,80.274,80.118,
04-27-2018,80.9685,80.8735,80.8105,80.4045,
04-26-2018,81.5385,81.3755,80.8545,80.8075,
04-25-2018,81.6805,81.2325,81.3815,81.1595,
04-24-2018,81.3265,81.2265,81.2395,80.8805,
04-23-2018,81.4075,81.3655,81.2265,81.1175,
04-20-2018,81.5705,81.3235,81.3585,81.0215,
04-19-2018,81.5525,81.3155,81.3235,81.1245,
04-18-2018,81.4445,81.2435,81.3185,81.0565,
04-17-2018,81.4755,81.0415,81.2495,80.9705,
04-16-2018,81.1415,80.4695,81.0485,80.4305,
04-13-2018,80.564,80.477,80.466,80.251,
04-12-2018,80.968,80.719,80.483,80.276,
04-11-2018,80.958,80.252,80.707,80.213,
04-10-2018,80.4575,80.0375,80.2525,79.8855,
04-09-2018,80.0925,79.7115,80.0275,79.5795,
04-06-2018,79.8425,79.4255,79.7535,79.3745,
04-05-2018,79.9595,79.8685,79.4255,79.3375,
04-04-2018,80.1505,79.7485,79.8625,79.6675,
04-03-2018,80.1985,80.1265,79.7585,79.6595,
04-02-2018,80.397,80.247,80.123,79.976,
03-30-2018,80.297,80.088,80.238,80.049,
03-29-2018,80.4,80.199,80.098,79.993,
03-28-2018,80.952,80.557,80.199,80.146,
03-27-2018,80.864,80.668,80.551,80.4,
03-26-2018,80.7885,80.2405,80.6585,80.1875,
03-23-2018,80.4625,80.0985,80.2825,80.0745,
03-22-2018,80.628,80.413,80.092,79.981,
03-21-2018,80.503,79.83,80.419,79.823,
03-20-2018,80.572,80.448,79.83,79.81,
03-19-2018,80.6185,79.8335,80.4485,79.7105,
03-16-2018,80.1435,79.9675,79.8695,79.6205,
03-15-2018,80.437,80.178,79.967,79.886,
03-14-2018,80.7165,80.3685,80.1875,80.0775,
03-13-2018,80.4785,80.1655,80.3555,79.9655,
03-12-2018,80.266,80.182,80.159,79.93,
03-09-2018,80.3755,80.1575,80.1495,79.9655,
03-08-2018,81.074,80.536,80.157,80.118,
03-07-2018,80.8025,80.5145,80.5225,80.3415,
03-06-2018,80.656,80.215,80.508,80.172,
03-05-2018,80.645,80.365,80.215,79.853,
03-02-2018,80.4705,80.0075,80.3345,79.9105,
03-01-2018,80.0535,79.5135,80.0205,79.2165,
02-28-2018,79.814,79.423,79.517,79.306,
02-27-2018,80.1605,79.7775,79.4165,79.2795,
02-26-2018,79.986,79.584,79.78,79.461,
02-23-2018,80.1685,80.1105,79.5515,79.4925,
02-22-2018,80.3035,79.5965,80.1175,79.4795,
02-21-2018,80.0815,80.0245,79.6065,79.5625,
02-20-2018,80.1615,79.7285,80.0245,79.5615,
02-19-2018,79.8975,79.7305,79.7185,79.4615,
02-16-2018,80.399,79.907,79.665,79.588,
02-15-2018,79.965,79.804,79.913,79.6,
02-14-2018,79.9135,79.3805,79.8045,78.7015,
02-13-2018,79.527,79.013,79.38,78.962,
02-12-2018,79.064,78.848,79.013,78.714,
02-09-2018,79.059,78.729,78.763,78.576,
02-08-2018,79.084,78.833,78.748,78.48,
02-07-2018,79.5815,79.4975,78.8395,78.7175,
02-06-2018,79.8695,79.3215,79.4975,79.1175,
02-05-2018,80.0585,79.8765,79.3255,79.2865,
02-02-2018,80.228,80.036,79.916,79.563,
02-01-2018,80.141,78.891,80.039,78.834,
01-31-2018,79.3295,78.9815,78.9355,78.7255,
01-30-2018,79.266,78.756,78.988,78.616,
01-29-2018,79.071,79.008,78.753,78.439,
01-26-2018,79.368,78.733,78.985,78.581,
01-25-2018,79.6945,78.9795,78.7365,78.5265,
01-24-2018,79.059,78.418,78.989,78.364,
01-23-2018,78.488,78.348,78.418,78.022,
01-22-2018,78.367,78.307,78.342,78.016,
01-19-2018,78.385,78.155,78.01,77.997,
01-18-2018,78.332,77.853,78.167,77.719,
01-17-2018,78.8855,78.4755,77.8505,77.7865,
01-16-2018,78.633,77.904,78.492,77.796,
01-15-2018,78.0915,77.5855,77.8885,77.2975,
01-12-2018,77.5525,76.6375,77.5215,76.5085,
01-11-2018,76.8105,76.0125,76.6315,75.9965,
01-10-2018,76.4405,76.0155,76.0185,75.9515,
01-09-2018,76.059,75.961,76.003,75.866,
01-08-2018,76.3435,76.1855,75.9605,75.8905,
01-05-2018,76.606,76.517,76.198,76.171,
01-04-2018,76.673,76.288,76.511,76.145,
01-03-2018,76.6045,76.5135,76.3015,76.2125,
01-02-2018,76.7515,76.5045,76.5265,76.3285,
01-01-2018,76.6635,76.6205,76.4795,76.3615,
12-29-2017,76.8,76.531,76.595,76.317,
12-28-2017,76.646,76.226,76.531,76.226,
12-27-2017,76.428,75.957,76.226,75.932,
12-26-2017,76.129,75.976,75.954,75.918,
12-25-2017,76.0685,75.8445,75.9855,75.8125,
12-22-2017,76.0395,76.0205,75.9185,75.6495,
12-21-2017,76.2,76.107,76.014,75.866,
12-20-2017,76.306,75.831,76.114,75.761,
12-19-2017,75.892,75.653,75.847,75.499,
12-18-2017,76.145,75.316,75.649,75.208,
12-15-2017,75.8765,75.7795,75.3195,75.2765,
12-14-2017,76.3685,76.2305,75.7795,75.7465,
12-13-2017,76.2725,75.6335,76.2335,75.5885,
12-12-2017,76.0415,75.7455,75.6305,75.4665,
12-11-2017,76.0875,75.8805,75.7395,75.7065,
12-08-2017,76.0465,76.0085,75.8575,75.6025,
12-07-2017,76.3075,76.1195,76.0185,76.0115,
12-06-2017,76.3685,76.1115,76.1195,76.0195,
12-05-2017,76.477,76.394,76.112,75.959,
12-04-2017,76.7135,76.6625,76.3935,76.1735,
12-01-2017,77.014,76.769,76.721,76.445,
11-30-2017,76.932,76.248,76.769,76.248,
11-29-2017,76.4665,76.2585,76.2505,76.0045,
11-28-2017,76.9285,76.7175,76.2715,76.1745,
11-27-2017,77.33,77.177,76.715,76.703,
11-24-2017,77.2575,76.5065,77.1665,76.4165,
11-23-2017,76.8285,76.7035,76.5255,76.4655,
11-22-2017,76.747,76.156,76.701,75.987,
11-21-2017,76.466,76.381,76.156,76.041,
11-20-2017,76.7735,76.6495,76.3785,76.2015,
11-17-2017,77.198,76.859,76.685,76.296,
11-16-2017,77.0735,76.9545,76.8525,76.7045,
11-15-2017,77.3965,77.1675,76.9635,76.9435,
11-14-2017,77.242,76.356,77.171,76.213,
11-13-2017,76.4455,76.0245,76.3455,75.8875,
11-10-2017,76.142,75.65,76.044,75.623,
11-09-2017,75.726,75.265,75.641,75.172,
11-08-2017,75.586,75.376,75.278,75.181,
11-07-2017,75.4275,75.0325,75.3815,74.9805,
11-06-2017,75.1965,74.9425,75.0295,74.8555,
11-03-2017,75.4765,75.3005,74.9475,74.8945,
11-02-2017,75.4815,75.0175,75.2815,74.9795,
11-01-2017,75.473,75.402,75.018,74.967,
10-31-2017,75.5945,75.5685,75.4075,75.2605,
10-30-2017,75.6265,75.4655,75.5685,75.3045,
10-27-2017,75.7625,75.5325,75.5115,75.2835,
10-26-2017,76.835,76.692,75.542,75.471,
10-25-2017,76.734,76.54,76.696,76.375,
10-24-2017,76.7665,76.4005,76.5525,76.2775,
10-23-2017,76.647,76.566,76.395,76.239,
10-20-2017,77.074,77.035,76.653,76.497,
10-19-2017,77.09,76.675,77.032,76.586,
10-18-2017,76.818,76.523,76.684,76.377,
10-17-2017,76.579,76.333,76.514,76.184,
10-16-2017,76.5175,76.5105,76.3235,76.2525,
10-13-2017,77.1035,76.9605,76.4945,76.4105,
10-12-2017,77.4,77.283,76.969,76.937,
10-11-2017,77.352,77.053,77.273,76.96,
10-10-2017,77.1615,76.7175,77.0375,76.7105,
10-09-2017,76.845,76.699,76.73,76.555,
10-06-2017,76.7735,76.2905,76.7405,76.2125,
10-05-2017,76.7055,76.4685,76.2915,76.2065,
10-04-2017,77.1505,76.9085,76.4785,76.3875,
10-03-2017,77.162,76.622,76.906,76.426,
10-02-2017,77.183,77.183,76.628,76.609,
09-29-2017,77.288,77.164,77.157,76.919,
09-28-2017,77.367,77.188,77.163,77.045,
09-27-2017,77.4075,77.1905,77.1825,76.9915,
09-26-2017,77.547,77.163,77.197,76.968,
09-25-2017,77.508,77.45,77.163,77.065,
09-22-2017,77.906,77.39,77.417,77.346,
09-21-2017,77.48,76.476,77.396,76.296,
09-20-2017,77.3815,77.1215,76.4635,76.2645,
09-19-2017,77.2115,76.7005,77.1215,76.6685,
09-18-2017,76.7835,76.6045,76.6945,76.3065,
09-15-2017,76.8485,76.4305,76.5665,76.3045,
09-14-2017,76.4465,76.0605,76.4275,75.9015,
09-13-2017,76.8015,76.6285,76.0855,75.9955,
09-12-2017,76.6735,76.4185,76.6225,76.3725,
09-11-2017,76.8455,76.8035,76.4215,76.3895,
09-08-2017,77.401,76.972,76.765,76.644,
09-07-2017,77.209,76.341,76.965,76.286,
09-06-2017,76.6915,76.3745,76.3405,76.2825,
09-05-2017,76.5745,76.1815,76.3745,76.1155,
09-04-2017,76.417,75.921,76.182,75.889,
09-01-2017,76.7085,76.1525,75.9275,75.8695,
08-31-2017,76.1945,76.0395,76.1465,75.5905,
08-30-2017,76.7025,76.6515,76.0455,76.0265,
08-29-2017,77.257,76.542,76.642,76.395,
08-28-2017,76.59,76.333,76.552,76.144,
08-25-2017,76.4285,75.5605,76.3195,75.4055,
08-24-2017,75.7075,75.6175,75.5665,75.4725,
08-23-2017,75.741,75.365,75.621,75.276,
08-22-2017,75.817,75.746,75.362,75.266,
08-21-2017,75.835,75.337,75.746,75.125,
08-18-2017,75.5065,75.2265,75.3885,75.1235,
08-17-2017,75.656,75.521,75.233,74.835,
08-16-2017,75.593,75.239,75.509,74.987,
08-15-2017,75.588,75.498,75.245,74.944,
08-14-2017,75.916,75.724,75.498,75.434,
08-11-2017,75.983,75.449,75.817,75.32,
08-10-2017,75.5425,75.0925,75.4525,74.8325,
08-09-2017,75.119,74.845,75.093,74.641,
08-08-2017,75.4795,75.2875,74.8575,74.6155,
08-07-2017,75.3805,74.9065,75.3025,74.9005,
08-04-2017,75.81,75.667,74.958,74.717,
08-03-2017,75.7885,75.4575,75.6175,75.3105,
08-02-2017,75.8535,75.6445,75.4455,75.2515,
08-01-2017,76.018,75.986,75.642,75.474,
07-31-2017,76.0575,75.2815,76.0255,75.1695,
07-28-2017,75.432,74.867,75.348,74.829,
07-27-2017,75.5995,75.4795,74.8755,74.7025,
07-26-2017,75.591,75.071,75.514,74.819,
07-25-2017,75.407,74.949,74.989,74.845,
07-24-2017,75.2675,75.0855,74.9685,74.8785,
07-21-2017,75.2275,74.8745,75.0925,74.7955,
07-20-2017,75.0515,73.9865,74.8715,73.9745,
07-19-2017,74.305,74.273,74.01,73.98,
07-18-2017,74.557,73.906,74.314,73.849,
07-17-2017,73.9225,73.8075,73.8585,73.6145,
07-14-2017,73.9235,73.5335,73.8875,73.4815,
07-13-2017,73.8455,73.5595,73.4745,73.3015,
07-12-2017,74.1735,74.0485,73.5785,73.4725,
07-11-2017,74.11,73.484,74.043,73.405,
07-10-2017,73.7405,73.6235,73.4985,73.4075,
07-07-2017,73.985,73.958,73.679,73.526,
07-06-2017,73.9545,73.5735,73.9355,73.3715,
07-05-2017,73.655,73.5,73.561,73.309,
07-04-2017,73.8035,73.6975,73.5075,73.4175,
07-03-2017,73.942,73.799,73.693,73.635,
06-30-2017,74.101,73.99,73.835,73.647,
06-29-2017,74.007,73.378,73.974,73.358,
06-28-2017,73.5595,73.1315,73.4165,72.9185,
06-27-2017,73.1855,72.0445,73.1085,72.0255,
06-26-2017,72.312,72.239,72.048,72.007,
06-23-2017,72.361,72.059,72.207,71.962,
06-22-2017,72.199,72.075,72.051,71.981,
06-21-2017,72.0865,71.8655,72.0675,71.8215,
06-20-2017,72.036,71.886,71.862,71.759,
06-19-2017,72.2795,72.1895,71.9055,71.8665,
06-16-2017,72.254,71.943,72.185,71.892,
06-15-2017,72.2525,72.0755,71.9575,71.9035,
06-14-2017,72.5665,72.1145,72.0585,71.8915,
06-13-2017,72.332,72.257,72.134,72.023,
06-12-2017,72.4035,71.9345,72.2365,71.9215,
06-09-2017,72.2145,72.0605,71.9255,71.7525,
06-08-2017,72.588,72.517,72.05,71.933,
06-07-2017,72.7205,72.6755,72.5345,72.0875,
06-06-2017,72.712,72.422,72.661,72.387,
06-05-2017,72.6845,72.6455,72.4225,72.3115,
06-02-2017,72.705,72.269,72.673,72.174,
06-01-2017,72.668,72.565,72.3,72.204,
05-31-2017,72.603,72.287,72.532,72.051,
05-30-2017,72.4755,72.0575,72.3005,71.7925,
05-29-2017,72.2495,72.1155,72.0525,71.9865,
05-26-2017,72.4995,72.3665,72.1415,71.9765,
05-25-2017,72.8235,72.6485,72.3665,72.2885,
05-24-2017,72.6855,72.5735,72.6655,72.3365,
05-23-2017,73.0855,72.4805,72.5755,72.4355,
05-22-2017,72.756,72.344,72.493,72.108,
05-19-2017,72.411,72.031,72.358,71.859,
05-18-2017,72.305,71.563,72.036,71.511,
05-17-2017,71.5855,70.9725,71.5595,70.9465,
05-16-2017,71.074,70.304,70.978,70.278,
05-15-2017,70.4085,70.2145,70.3115,69.9795,
05-12-2017,70.263,69.953,70.224,69.823,
05-11-2017,70.2285,70.2155,69.9535,69.7945,
05-10-2017,70.5165,70.3495,70.2235,70.0835,
05-09-2017,70.567,70.296,70.333,70.251,
05-08-2017,70.906,70.739,70.307,70.235,
05-05-2017,70.7815,70.5755,70.7305,70.4665,
05-04-2017,70.579,69.841,70.537,69.809,
05-03-2017,70.193,70.142,69.847,69.834,
05-02-2017,70.1745,70.0385,70.1325,69.8795,
05-01-2017,70.2245,70.1085,70.0315,69.9615,
04-28-2017,70.4855,69.7435,70.0565,69.6155,
04-27-2017,70.1135,69.9155,69.7125,69.5815,
04-26-2017,70.406,70.294,69.924,69.584,
04-25-2017,70.448,70.088,70.287,69.802,
04-24-2017,70.6745,70.5775,70.0845,69.8345,
04-21-2017,69.3875,69.2645,69.3565,69.0635,
04-20-2017,69.6435,69.2305,69.2565,69.2175,
04-19-2017,69.3575,69.3575,69.2625,69.1485,
04-18-2017,69.373,68.627,69.328,68.582,
04-17-2017,68.898,68.449,68.629,68.295,
04-14-2017,68.539,68.404,68.423,68.359,
04-13-2017,69.086,68.989,68.402,68.374,
04-12-2017,69.0695,68.4675,68.9985,68.3965,
04-11-2017,68.6255,68.4185,68.4445,68.2495,
04-10-2017,68.536,68.107,68.459,67.965,
04-07-2017,68.926,68.766,68.062,68.028,
04-06-2017,69.4645,69.1845,68.7695,68.7135,
04-05-2017,69.5835,69.4445,69.1795,68.9785,
04-04-2017,69.5015,69.3265,69.4635,69.0985,
04-03-2017,69.4365,69.1535,69.3295,69.1345,
03-31-2017,69.4255,69.2445,69.0955,69.0825,
03-30-2017,69.935,69.829,69.238,69.212,
03-29-2017,70.445,70.32,69.851,69.707,
03-28-2017,70.7395,70.5905,70.3335,70.2295,
03-27-2017,70.989,70.643,70.614,70.574,
03-24-2017,70.7965,70.5805,70.6525,70.4425,
03-23-2017,70.787,70.685,70.58,70.502,
03-22-2017,70.8835,70.6205,70.6715,70.4835,
03-21-2017,70.709,70.191,70.644,70.06,
03-20-2017,70.504,70.32,70.174,70.062,
03-17-2017,70.765,70.387,70.307,70.193,
03-16-2017,70.5545,70.4625,70.3935,69.9725,
03-15-2017,70.5035,69.7355,70.4505,69.4535,
03-14-2017,70.6115,70.5195,69.7475,69.7145,
03-13-2017,71.3045,71.0185,70.5045,70.4785,
03-10-2017,71.2265,70.5435,71.0275,70.5105,
03-09-2017,70.8235,70.3875,70.5385,70.2925,
03-08-2017,70.531,70.409,70.377,70.337,
03-07-2017,70.6725,70.5565,70.3995,70.3605,
03-06-2017,71.056,70.898,70.552,70.497,
03-03-2017,70.9605,70.1895,70.9405,70.1425,
03-02-2017,70.5525,70.5185,70.1675,70.0745,
03-01-2017,70.6935,70.5585,70.5255,70.2945,
02-28-2017,70.904,70.631,70.575,70.518,
02-27-2017,70.915,70.375,70.615,70.301,
02-24-2017,70.7635,70.5995,70.3975,70.3575,
02-23-2017,70.7245,70.6245,70.5715,70.3965,
02-22-2017,70.8635,70.6225,70.6725,70.3305,
02-21-2017,71.049,71.002,70.582,70.481,
02-20-2017,71.3455,71.2175,71.0095,70.9825,
02-17-2017,71.7135,71.6145,71.1985,71.1275,
02-16-2017,71.683,70.886,71.598,70.805,
02-15-2017,70.9605,70.6915,70.8945,70.4455,
02-14-2017,71.207,70.948,70.695,70.588,
02-13-2017,71.432,71.111,70.98,70.953,
02-10-2017,71.42,71.174,71.139,70.991,
02-09-2017,71.785,71.745,71.145,71.083,
02-08-2017,72.0215,71.9335,71.7365,71.5095,
02-07-2017,72.247,72.236,71.95,71.825,
02-06-2017,72.5825,72.4485,72.2345,71.9025,
02-03-2017,72.559,72.316,72.451,72.105,
02-02-2017,72.936,72.58,72.308,72.268,
02-01-2017,73.092,72.91,72.599,72.35,
01-31-2017,73.0125,72.5525,72.9025,72.4645,
01-30-2017,73.1405,72.8165,72.5395,72.1575,
01-27-2017,73.0025,72.8685,72.8655,72.7025,
01-26-2017,73.238,73.066,72.832,72.65,
01-25-2017,73.321,73.139,73.073,72.985,
01-24-2017,73.3655,73.2425,73.1185,73.0365,
01-23-2017,73.34,72.765,73.256,72.758,
01-20-2017,72.956,72.66,72.861,72.439,
01-19-2017,72.749,72.513,72.622,72.11,
01-18-2017,72.8725,72.6945,72.5215,72.4805,
01-17-2017,72.8425,72.1845,72.7035,72.1535,
01-16-2017,72.523,72.387,72.209,72.074,
01-13-2017,72.765,72.342,72.571,72.255,
01-12-2017,72.6865,72.2505,72.3145,72.1465,
01-11-2017,72.489,72.164,72.291,71.582,
01-10-2017,72.3575,72.0095,72.1195,72.0025,
01-09-2017,72.1055,71.8265,72.0095,71.6375,
01-06-2017,72.2415,71.8635,71.7455,71.6885,
01-05-2017,71.9615,71.2185,71.8545,71.1655,
01-04-2017,71.273,71.027,71.205,70.916,
01-03-2017,71.4445,71.2475,71.0315,70.7405,
01-02-2017,71.6135,71.5625,71.2765,71.1985,
12-30-2016,72.384,71.278,71.461,71.215,
12-29-2016,71.3895,71.0535,71.2745,70.9905,
12-28-2016,71.5225,71.0845,71.0505,70.7585,
12-27-2016,71.172,70.829,71.084,70.707,
12-26-2016,71.042,70.921,70.85,70.688,
12-23-2016,71.0295,70.8225,70.9335,70.6905,
12-22-2016,71.3205,70.6995,70.8055,70.6855,
12-21-2016,70.9035,70.5485,70.7165,70.4925,
12-20-2016,70.7375,70.6045,70.5515,70.4215,
12-19-2016,71.03,70.858,70.574,70.488,
12-16-2016,71.0635,70.6995,70.9155,70.5455,
12-15-2016,71.301,71.076,70.666,70.378,
12-14-2016,72.0465,71.6495,71.0955,70.8185,
12-13-2016,72.009,71.712,71.637,71.541,
12-12-2016,71.779,71.187,71.709,71.004,
12-11-2016,71.262,71.262,71.262,71.262,
12-09-2016,71.844,71.72,71.262,71.119,
12-08-2016,73.218,72.499,71.703,71.438,
12-07-2016,72.9495,72.6195,72.5155,72.4755,
12-06-2016,73.3755,73.2405,72.6055,72.4715,
12-05-2016,73.445,72.626,73.222,71.451,
12-04-2016,72.561,72.561,72.561,72.561,
12-02-2016,73.1055,72.7555,72.6055,72.4485,
12-01-2016,72.7855,72.6185,72.7525,72.3865,
11-30-2016,73.2025,73.0685,72.6315,72.3605,
11-29-2016,73.1155,72.7835,73.0685,72.6065,
11-28-2016,73.354,72.605,72.794,72.479,
11-27-2016,72.595,72.595,72.595,72.595,
11-25-2016,72.8265,72.5705,72.5405,72.1865,
11-24-2016,72.78,72.58,72.57,72.267,
11-23-2016,72.9985,72.6775,72.6015,72.4505,
11-22-2016,72.7445,72.4985,72.6835,72.3105,
11-21-2016,72.6085,72.1585,72.5225,72.1235,
11-20-2016,72.4256,72.4256,72.4256,72.4256,
11-18-2016,72.477,72.277,72.2,71.924,
11-17-2016,72.899,72.695,72.282,72.175,
11-16-2016,72.9445,72.6725,72.6975,72.5345,
11-15-2016,73.222,72.771,72.676,72.59,
11-14-2016,73.294,73.281,72.781,72.591,
11-13-2016,73.349,73.349,73.349,73.349,
11-11-2016,73.6905,72.8905,73.3485,72.7635,
11-10-2016,72.9435,72.5585,72.8365,72.4485,
11-09-2016,75.6305,73.0415,72.5645,72.4825,
11-08-2016,73.8455,73.6935,73.0425,72.9455,
11-07-2016,74.4,74.387,73.69,73.594,
11-06-2016,74.0964,74.0964,74.0964,74.0964,
11-04-2016,74.4435,74.004,74.4165,73.937,
11-03-2016,74.2575,74.067,74.0385,73.751,
11-02-2016,74.2155,73.707,74.0885,73.671,
11-01-2016,73.87,73.203,73.735,73.056,
10-31-2016,73.4175,73.341,73.2275,72.986,
10-30-2016,72.8878,72.8878,72.8878,72.8878,
10-28-2016,73.451,72.856,73.369,72.809,
10-27-2016,73.226,72.91,72.88,72.752,
10-26-2016,73.1565,72.721,72.9405,72.597,
10-25-2016,72.8775,72.703,72.7385,72.486,
10-24-2016,72.893,72.802,72.737,72.59,
10-23-2016,72.8253,72.8253,72.8253,72.8253,
10-21-2016,73.0815,73.014,72.8415,72.666,
10-20-2016,73.758,73.113,73.045,72.891,
10-19-2016,73.403,73.255,73.137,72.976,
10-18-2016,73.6565,73.443,73.2755,73.139,
10-17-2016,73.5835,73.191,73.4645,73.123,
10-16-2016,73.4619,73.4619,73.4619,73.4619,
10-14-2016,73.8875,73.837,73.1955,73.093,
10-13-2016,73.8995,73.509,73.8515,73.472,
10-12-2016,73.9805,73.848,73.5505,73.485,
10-11-2016,74.2085,74.028,73.8785,73.697,
10-10-2016,74.607,74.549,74.059,73.956,
10-09-2016,74.3261,74.3261,74.3261,74.3261,
10-07-2016,74.6405,74.343,74.6005,74.069,
10-06-2016,74.7205,74.57,74.3705,74.267,
10-05-2016,74.8295,74.604,74.5975,74.442,
10-04-2016,74.7205,74.58,74.6355,74.024,
10-03-2016,74.8565,74.751,74.6045,74.479,
10-02-2016,74.331,74.331,74.331,74.331,
09-30-2016,75.0285,74.966,74.8155,74.279,
09-29-2016,75.1455,74.399,74.9835,74.335,
09-28-2016,74.7085,74.448,74.4165,74.293,
09-27-2016,75.0445,74.948,74.4955,74.384,
09-26-2016,75.104,74.854,74.966,74.79,
09-25-2016,74.885,74.885,74.885,74.885,
09-23-2016,74.994,74.658,74.885,74.562,
09-22-2016,75.1175,74.688,74.6795,74.56,
09-21-2016,74.9895,74.691,74.6795,74.499,
09-20-2016,75.111,74.832,74.715,74.638,
09-19-2016,74.9735,74.845,74.8465,74.614,
09-18-2016,74.846,74.846,74.846,74.846,
09-16-2016,75.284,75.146,74.839,74.768,
09-15-2016,75.468,75.109,75.174,75.03,
09-14-2016,75.353,75.287,75.147,74.919,
09-13-2016,75.5175,74.956,75.3315,74.885,
09-12-2016,75.3515,75.095,74.9735,74.884,
09-11-2016,75.1599,75.1599,74.899,74.899,
09-09-2016,75.2805,75.001,75.1395,74.751,
09-08-2016,75.2725,74.69,75.0325,74.649,
09-07-2016,74.7835,74.562,74.7345,74.417,
09-06-2016,74.6825,74.018,74.6015,73.972,
09-05-2016,74.5925,74.423,74.0875,74.005,
09-04-2016,74.517,74.517,74.517,74.517,
09-02-2016,75.1185,74.779,74.5165,74.236,
09-01-2016,74.969,74.704,74.797,74.505,
08-31-2016,74.9085,74.801,74.7355,74.472,
08-30-2016,75.162,75.068,74.819,74.687,
08-29-2016,75.335,75.121,75.093,74.94,
08-28-2016,75.7011,75.7011,75.7011,75.7011,
08-26-2016,75.9605,75.59,75.1795,75,
08-25-2016,75.773,75.585,75.614,75.508,
08-24-2016,76.034,75.857,75.654,75.422,
08-23-2016,76.175,76.019,75.878,75.811,
08-22-2016,76.28,75.836,76.063,75.653,
08-21-2016,76.04,76.04,76.04,76.04,
08-19-2016,76.1105,75.841,76.0395,75.701,
08-18-2016,75.9655,75.517,75.8785,75.425,
08-17-2016,75.72,75.392,75.512,75.231,
08-16-2016,75.552,74.73,75.423,74.714,
08-15-2016,74.918,74.576,74.768,74.576,
08-14-2016,74.696,74.696,74.696,74.696,
08-12-2016,74.9715,74.322,74.6755,74.262,
08-11-2016,74.7625,74.586,74.3405,74.288,
08-10-2016,74.683,74.209,74.62,74.128,
08-09-2016,74.278,74.061,74.25,73.939,
08-08-2016,74.228,74.082,74.109,73.918,
08-07-2016,74.4158,74.4158,74.4158,74.4158,
08-05-2016,74.5295,74.368,74.0975,73.799,
08-04-2016,74.7025,74.414,74.3865,74.275,
08-03-2016,75.1325,74.819,74.4385,74.38,
08-02-2016,74.924,74.498,74.867,74.44,
08-01-2016,74.6405,74.446,74.5255,74.372,
07-31-2016,74.426,74.426,74.426,74.426,
07-29-2016,74.7465,74.207,74.4805,74.154,
07-28-2016,74.545,74.144,74.221,74.081,
07-27-2016,74.2265,73.921,74.1715,73.591,
07-26-2016,74.256,74.109,73.969,73.871,
07-25-2016,74.174,73.641,74.113,73.499,
07-24-2016,73.705,73.705,73.705,73.705,
07-22-2016,74.134,74.039,73.705,73.506,
07-21-2016,74.2985,73.943,74.0365,73.722,
07-20-2016,74.1605,74.037,73.9805,73.761,
07-19-2016,74.4775,74.323,74.0725,73.891,
07-18-2016,74.465,74.088,74.347,74.04,
07-17-2016,74.08,74.08,74.08,74.08,
07-15-2016,74.7825,74.292,74.0965,74.011,
07-14-2016,74.7095,74.29,74.3295,74.148,
07-13-2016,74.5005,74.04,74.3205,73.993,
07-12-2016,74.723,74.216,74.071,74.013,
07-11-2016,74.4285,74.178,74.2405,73.945,
07-10-2016,74.5245,74.5245,74.5245,74.5245,
07-08-2016,74.85,74.638,74.219,74.014,
07-07-2016,74.915,74.795,74.67,74.509,
07-06-2016,74.9235,74.666,74.8225,74.369,
07-05-2016,75.397,74.989,74.69,74.558,
07-04-2016,75.1195,74.838,75.0375,74.597,
07-03-2016,74.823,74.823,74.823,74.823,
07-01-2016,75.1715,74.938,74.8225,74.612,
06-30-2016,75.341,74.982,74.966,74.422,
06-29-2016,75.2415,74.902,75.0065,74.717,
06-28-2016,75.427,74.837,74.937,74.749,
06-27-2016,75.237,75.126,74.865,74.494,
06-26-2016,75.0185,75.0185,75.0185,75.0185,
06-24-2016,76.9235,76.62,75.4675,73.947,
06-23-2016,76.857,76.166,76.621,76.135,
06-22-2016,76.4065,76.025,76.1975,75.969,
06-21-2016,76.642,76.389,76.019,75.991,
06-20-2016,76.956,75.653,76.427,75.647,
06-19-2016,75.639,75.5527,75.639,75.5527,
06-17-2016,75.883,75.536,75.639,75.337,
06-16-2016,75.9795,75.493,75.5675,74.882,
06-15-2016,75.798,75.377,75.527,75.206,
06-14-2016,75.9305,75.849,75.4215,75.289,
06-13-2016,75.943,75.317,75.867,75.19,
06-12-2016,75.328,75.328,75.328,75.328,
06-10-2016,75.704,75.513,75.328,75.24,
06-09-2016,76.0595,75.779,75.5375,75.359,
06-08-2016,75.981,75.686,75.77,75.658,
06-07-2016,76.0445,75.815,75.7105,75.555,
06-06-2016,76.2085,76.04,75.8365,75.685,
06-05-2016,76.158,76.158,76.158,76.158,
06-03-2016,76.2255,74.992,76.1585,74.861,
06-02-2016,75.6445,75.42,75.0105,74.898,
06-01-2016,75.5265,74.792,75.4515,74.592,
05-31-2016,75.1655,74.783,74.8165,74.635,
05-30-2016,74.977,74.48,74.872,74.38,
05-29-2016,74.505,74.505,74.505,74.505,
05-27-2016,75.16,74.886,74.505,74.316,
05-26-2016,75.3895,75.018,74.9175,74.719,
05-25-2016,75.465,75.322,75.043,74.822,
05-24-2016,76.019,75.609,75.347,75.279,
05-23-2016,75.8275,75.587,75.6265,75.402,
05-22-2016,75.68,75.68,75.68,75.68,
05-20-2016,75.817,75.531,75.659,75.37,
05-19-2016,75.8315,75.287,75.5485,75.209,
05-18-2016,75.7055,75.574,75.3115,75.239,
05-17-2016,75.8445,75.643,75.6055,75.404,
05-16-2016,75.814,75.582,75.664,75.47,
05-15-2016,75.606,75.606,75.606,75.606,
05-13-2016,76.011,75.924,75.593,75.408,
05-12-2016,76.173,76.035,75.949,75.792,
05-11-2016,76.2105,75.755,76.0425,75.723,
05-10-2016,76.102,75.959,75.773,75.672,
05-09-2016,76.1175,75.904,75.9835,75.631,
05-08-2016,75.958,75.958,75.958,75.958,
05-06-2016,76.4825,75.898,75.9575,75.772,
05-05-2016,76.619,76.509,75.909,75.716,
05-04-2016,76.775,76.491,76.534,76.313,
05-03-2016,77.026,76.506,76.522,76.378,
05-02-2016,76.575,76.004,76.524,75.961,
05-01-2016,76.07,76.07,76.07,76.07,
04-29-2016,76.1355,75.367,76.0965,75.253,
04-28-2016,75.6,75.097,75.385,75.003,
04-27-2016,75.675,74.992,75.132,74.949,
04-26-2016,75.3905,75.096,75.0265,74.87,
04-25-2016,75.2305,74.835,75.1405,74.735,
04-24-2016,74.843,74.843,74.843,74.843,
04-22-2016,75.2535,75.035,74.8825,74.73,
04-21-2016,75.5255,74.723,75.0535,74.676,
04-20-2016,75.4305,75.095,74.7475,74.628,
04-19-2016,75.5225,75.119,75.1325,75.046,
04-18-2016,75.4425,75.271,75.1435,75.078,
04-17-2016,75.213,75.213,75.213,75.213,
04-15-2016,75.344,75.03,75.213,74.881,
04-14-2016,75.1795,74.943,75.0415,74.821,
04-13-2016,75.64,75.438,74.968,74.886,
04-12-2016,76.2315,75.596,75.4695,75.342,
04-11-2016,76.0885,75.888,75.6205,75.47,
04-10-2016,75.875,75.875,75.875,75.875,
04-08-2016,76.011,75.924,75.878,75.53,
04-07-2016,76.133,75.798,75.949,75.424,
04-06-2016,76.104,75.59,75.823,75.428,
04-05-2016,75.8815,75.283,75.6145,75.19,
04-04-2016,75.75,75.586,75.308,75.081,
04-03-2016,75.59,75.59,75.59,75.59,
04-01-2016,75.917,75.379,75.577,75.214,
03-31-2016,75.617,75.237,75.398,74.886,
03-30-2016,75.449,74.913,75.256,74.848,
03-29-2016,75.0555,74.543,74.9445,74.26,
03-28-2016,74.7185,74.577,74.5745,74.248,
03-27-2016,74.804,74.804,74.804,74.804,
03-25-2016,74.8615,74.754,74.6215,74.5,
03-24-2016,74.8745,74.804,74.7715,74.488,
03-23-2016,74.985,74.848,74.855,74.487,
03-22-2016,75.0625,74.748,74.8795,74.612,
03-21-2016,75.0885,74.79,74.7525,74.635,
03-20-2016,74.808,74.808,74.808,74.808,
03-18-2016,75.5405,75.375,74.8145,74.698,
03-17-2016,75.6575,75.37,75.4065,74.967,
03-16-2016,75.5355,74.819,75.4015,74.351,
03-15-2016,74.994,74.506,74.843,74.47,
03-14-2016,74.9125,74.656,74.5635,74.318,
03-13-2016,74.496,74.496,74.496,74.496,
03-11-2016,75.4795,75.221,74.6235,74.267,
03-10-2016,75.555,73.845,75.246,72.4,
03-09-2016,74.1685,74.072,73.8695,73.48,
03-08-2016,74.505,73.757,74.097,73.73,
03-07-2016,73.8285,73.717,73.7815,73.361,
03-06-2016,73.6618,73.6618,73.6618,73.6618,
03-04-2016,73.984,73.521,73.658,73.078,
03-03-2016,73.7665,73.255,73.5555,73.062,
03-02-2016,73.7225,73.61,73.2455,72.977,
03-01-2016,74.4125,74.132,73.6275,73.335,
02-29-2016,75.2445,75.119,74.1625,74.058,
02-28-2016,75.7189,75.7189,75.7189,75.7189,
02-26-2016,76.1295,75.75,75.1575,75.025,
02-25-2016,76.057,75.339,75.806,75.245,
02-24-2016,75.6975,75.523,75.3635,75.113,
02-23-2016,75.917,75.553,75.558,75.253,
02-22-2016,76.4515,76.368,75.5885,75.414,
02-21-2016,76.321,76.321,76.321,76.321,
02-19-2016,76.4365,76.104,76.3215,75.827,
02-18-2016,76.4245,76.011,76.1295,75.82,
02-17-2016,76.749,76.275,76.036,75.951,
02-16-2016,76.6,75.969,76.307,75.93,
02-15-2016,76.7355,76.628,76.0005,75.845,
02-14-2016,76.9189,76.9189,76.9189,76.9189,
02-12-2016,77.6085,77.532,76.7045,76.405,
02-11-2016,77.873,76.597,77.536,76.477,
02-10-2016,76.889,76.655,76.615,75.73,
02-09-2016,77.044,76.153,76.68,75.839,
02-08-2016,76.305,75.637,76.181,75.393,
02-07-2016,75.669,75.669,75.669,75.669,
02-05-2016,75.9385,75.679,75.6685,75.217,
02-04-2016,76.032,75.41,75.704,75.034,
02-03-2016,75.7265,74.191,75.4345,74.153,
02-02-2016,74.3985,73.848,74.2215,73.801,
02-01-2016,74.108,73.507,73.862,73.324,
01-31-2016,74.0313,74.0313,74.0313,74.0313,
01-29-2016,74.6055,74.411,73.5555,73.321,
01-28-2016,74.6635,74.191,74.4425,73.961,
01-27-2016,74.3925,73.615,74.2285,73.498,
01-26-2016,73.763,73.483,73.643,73.351,
01-25-2016,73.5775,72.954,73.5075,72.861,
01-24-2016,73.235,73.235,73.235,73.235,
01-22-2016,73.7945,73.694,72.9325,72.853,
01-21-2016,74.3715,74.002,73.7255,73.1,
01-20-2016,74.7595,73.853,74.0125,73.828,
01-19-2016,74.1355,73.666,73.8875,73.339,
01-18-2016,74.158,73.99,73.7,73.414,
01-17-2016,73.7889,73.7889,73.7889,73.7889,
01-15-2016,74.4925,73.114,73.9895,73.024,
01-14-2016,73.789,72.749,73.142,72.748,
01-13-2016,72.8735,72.653,72.7865,72.171,
01-12-2016,73.0085,72.464,72.6905,72.281,
01-11-2016,73.3825,73.023,72.5015,72.399,
01-10-2016,72.475,72.475,72.475,72.475,
01-08-2016,73.149,73.108,73.074,72.026,
01-07-2016,73.217,71.877,73.149,71.821,
01-06-2016,72.1015,71.429,71.9075,71.408,
01-05-2016,72.2005,72.088,71.4535,71.241,
01-04-2016,72.8845,71.894,72.1155,71.687,
01-03-2016,72.0666,72.0666,72.0666,72.0666,
01-01-2016,71.966,71.891,71.931,71.78,
12-31-2015,72.6975,72.66,71.9055,71.825,
12-30-2015,72.754,72.298,72.674,72.29,
12-29-2015,72.9895,72.521,72.3125,72.201,
12-28-2015,72.787,72.294,72.539,72.274,
12-27-2015,72.2702,72.2702,72.2702,72.2702,
12-25-2015,72.4895,72.326,72.4765,72.228,
12-24-2015,72.4505,72.029,72.3405,71.992,
12-23-2015,72.589,72.552,72.043,71.744,
12-22-2015,72.7445,72.288,72.5665,72.243,
12-21-2015,72.4535,72.012,72.3095,71.892,
12-20-2015,71.986,71.986,71.986,71.986,
12-18-2015,72.219,71.89,72.006,71.633,
12-17-2015,72.561,72.54,71.904,71.621,
12-16-2015,73.3015,73.077,72.5415,72.348,
12-15-2015,74.1595,73.731,73.0645,72.825,
12-14-2015,74.1165,73.738,73.7485,73.317,
12-13-2015,73.4315,73.4315,73.4315,73.4315,
12-11-2015,73.984,73.021,73.793,72.933,
12-10-2015,73.779,73.703,73.035,72.831,
12-09-2015,73.846,72.783,73.711,72.688,
12-08-2015,72.869,72.337,72.831,72.285,
12-07-2015,72.6035,72.531,72.3515,71.98,
12-06-2015,72.538,72.538,72.538,72.538,
12-04-2015,73.2505,73.044,72.5505,72.227,
12-03-2015,73.3185,70.656,73.0515,70.269,
12-02-2015,70.85,70.602,70.686,70.207,
12-01-2015,70.731,70.214,70.629,70.18,
11-30-2015,70.8525,70.736,70.2145,70.118,
11-29-2015,70.875,70.875,70.875,70.875,
11-27-2015,71.065,70.614,70.875,70.536,
11-26-2015,70.8085,70.512,70.6255,70.415,
11-25-2015,70.898,70.499,70.526,70.08,
11-24-2015,70.9545,70.588,70.5095,70.461,
11-23-2015,70.723,70.308,70.618,70.059,
11-22-2015,70.7025,70.7025,70.7025,70.7025,
11-20-2015,71.0195,70.917,70.3255,70.262,
11-19-2015,71.128,70.347,70.941,70.347,
11-18-2015,70.8445,70.228,70.3875,70.175,
11-17-2015,70.5365,70.401,70.2335,70.107,
11-16-2015,71.2365,71.039,70.4085,70.349,
11-15-2015,71.215,71.215,71.215,71.215,
11-13-2015,71.522,71.409,71.208,70.789,
11-12-2015,71.528,70.963,71.455,70.633,
11-11-2015,71.3285,70.976,70.9855,70.677,
11-10-2015,71.544,71.443,70.99,70.691,
11-09-2015,71.673,70.957,71.457,70.865,
11-08-2015,71.041,71.041,71.041,71.041,
11-06-2015,71.728,71.651,71.041,70.542,
11-05-2015,71.807,71.26,71.682,71.173,
11-04-2015,71.948,71.892,71.291,70.932,
11-03-2015,72.241,72.192,71.913,71.688,
11-02-2015,72.5265,72.107,72.2325,72,
11-01-2015,72.021,72.021,72.021,72.021,
10-30-2015,72.443,71.819,72.001,71.542,
10-29-2015,71.879,70.938,71.84,70.808,
10-28-2015,72.0845,71.925,70.9325,70.766,
10-27-2015,71.997,71.765,71.939,71.659,
10-26-2015,71.8115,71.416,71.7795,71.286,
10-25-2015,71.495,71.495,71.495,71.495,
10-23-2015,72.3725,72.029,71.4955,71.325,
10-22-2015,73.9535,73.838,72.0365,71.967,
10-21-2015,74.185,73.745,73.869,73.715,
10-20-2015,74.0625,73.503,73.7825,73.459,
10-19-2015,73.7875,73.421,73.5175,73.235,
10-18-2015,73.448,73.448,73.448,73.448,
10-16-2015,74.0465,73.72,73.4155,73.388,
10-15-2015,74.54,74.26,73.738,73.606,
10-14-2015,74.4315,74.044,74.2745,73.976,
10-13-2015,74.2795,73.563,74.0885,73.48,
10-12-2015,73.939,73.54,73.578,73.503,
10-11-2015,73.577,73.577,73.577,73.577,
10-09-2015,73.791,73.091,73.577,73.038,
10-08-2015,73.675,72.905,73.109,72.874,
10-07-2015,73.7305,73.382,72.9255,72.716,
10-06-2015,73.586,72.867,73.41,72.817,
10-05-2015,73.6415,73.328,72.8555,72.695,
10-04-2015,73.277,73.277,73.277,73.277,
10-02-2015,74.1075,73.456,73.2705,72.993,
10-01-2015,73.576,73.204,73.48,72.949,
09-30-2015,74.231,74.023,73.228,73.053,
09-29-2015,74.8365,74.493,74.0605,73.845,
09-28-2015,74.547,74.039,74.521,73.672,
09-27-2015,74.074,74.074,74.074,74.074,
09-25-2015,74.2565,74.21,74.0735,73.497,
09-24-2015,74.954,74.009,74.241,73.775,
09-23-2015,74.222,73.267,74.037,73.161,
09-22-2015,73.818,73.471,73.291,73.141,
09-21-2015,74.594,74.321,73.505,73.404,
09-20-2015,74.481,74.481,74.481,74.481,
09-18-2015,75.6835,75.541,74.4675,74.114,
09-17-2015,75.6125,74.743,75.5625,74.664,
09-16-2015,75.2355,74.848,74.7575,74.487,
09-15-2015,75.2245,74.95,74.8625,74.703,
09-14-2015,75.501,75.073,75.011,74.837,
09-13-2015,75.097,75.097,75.097,75.097,
09-11-2015,75.354,74.761,75.114,74.682,
09-10-2015,75.0595,74.629,74.7815,74.236,
09-09-2015,74.6865,74.231,74.6465,73.842,
09-08-2015,74.8655,74.693,74.2455,74.092,
09-07-2015,74.7585,74.39,74.6945,74.211,
09-06-2015,74.347,74.347,74.347,74.347,
09-04-2015,74.632,73.512,74.334,73.445,
09-03-2015,74.4915,74.307,73.5265,73.256,
09-02-2015,75.242,75.075,74.325,74.227,
09-01-2015,75.1755,74.43,75.1095,74.391,
08-31-2015,74.7355,73.899,74.4785,73.806,
08-30-2015,73.982,73.982,73.982,73.982,
08-28-2015,74.8365,74.157,73.9525,73.759,
08-27-2015,75.1355,74.672,74.1845,73.922,
08-26-2015,76.6515,76.317,74.6835,74.501,
08-25-2015,77.6685,77.613,76.3385,75.293,
08-24-2015,78.2375,75.01,77.6515,75.01,
08-23-2015,75.229,75.229,75.229,75.229,
08-21-2015,75.236,73.549,75.209,73.44,
08-20-2015,73.6855,72.358,73.5565,72.285,
08-19-2015,72.6205,72.119,72.3985,71.823,
08-18-2015,72.5605,72.46,72.1365,72.077,
08-17-2015,72.6975,72.314,72.4905,72.146,
08-16-2015,72.351,72.351,72.351,72.351,
08-14-2015,72.882,72.677,72.335,72.147,
08-13-2015,72.8295,72.341,72.6945,71.946,
08-12-2015,72.6735,71.005,72.3555,70.948,
08-11-2015,71.256,70.241,71.026,69.959,
08-10-2015,70.4855,69.873,70.2745,69.767,
08-09-2015,69.916,69.916,69.916,69.916,
08-07-2015,70.0585,69.618,69.9125,69.3,
08-06-2015,69.7945,69.458,69.6165,69.29,
08-05-2015,69.7065,69.388,69.4625,69.093,
08-04-2015,70.319,70.263,69.425,69.377,
08-03-2015,70.3785,70.171,70.2765,70.066,
08-02-2015,70.3,70.3,70.3,70.3,
07-31-2015,71.126,70.098,70.31,69.961,
07-30-2015,70.3045,70.097,70.1215,69.807,
07-29-2015,70.819,70.544,70.114,69.989,
07-28-2015,71.2505,71.196,70.5615,70.368,
07-27-2015,71.472,70.32,71.223,70.288,
07-26-2015,70.427,70.427,70.427,70.427,
07-24-2015,70.446,70.181,70.414,69.859,
07-23-2015,70.3485,69.453,70.2015,69.429,
07-22-2015,69.6805,69.517,69.5055,69.126,
07-21-2015,69.7355,68.83,69.5405,68.807,
07-20-2015,69.1985,68.747,68.8595,68.69,
07-19-2015,68.755,68.755,68.755,68.755,
07-17-2015,69.261,68.992,68.752,68.72,
07-16-2015,69.6335,69.512,69.0185,68.933,
07-15-2015,69.9595,69.655,69.5305,69.368,
07-14-2015,70.216,69.796,69.682,69.584,
07-13-2015,71.0145,70.317,69.8175,69.725,
07-12-2015,70.743,70.743,70.743,70.743,
07-10-2015,71.102,69.861,70.736,69.822,
07-09-2015,70.669,70.27,69.894,69.559,
07-08-2015,70.4365,69.876,70.3065,69.67,
07-07-2015,70.162,69.921,69.903,69.325,
07-06-2015,70.499,69.741,69.951,69.507,
07-05-2015,70.475,70.475,70.475,70.475,
07-03-2015,70.5815,70.15,70.4755,70.126,
07-02-2015,70.6225,70.224,70.1635,70.102,
07-01-2015,71.013,70.831,70.245,70.142,
06-30-2015,71.641,71.558,70.839,70.63,
06-29-2015,71.8555,70.064,71.5815,69.563,
06-28-2015,70.883,70.883,70.883,70.883,
06-26-2015,71.358,71.161,70.851,70.7,
06-25-2015,71.418,71.157,71.169,70.893,
06-24-2015,71.4555,71.031,71.1805,70.84,
06-23-2015,72.0895,72.018,71.0485,70.866,
06-22-2015,72.449,72.165,72.042,71.854,
06-21-2015,72.092,72.092,72.092,72.092,
06-19-2015,72.519,72.206,72.092,71.731,
06-18-2015,72.874,72.551,72.223,72.123,
06-17-2015,72.7065,72.156,72.5715,71.884,
06-16-2015,72.6785,72.315,72.1705,72.009,
06-15-2015,72.3445,71.94,72.3095,71.728,
06-14-2015,72.234,72.234,72.234,72.234,
06-12-2015,72.379,71.981,72.237,71.474,
06-11-2015,72.3775,72.198,72.0055,71.528,
06-10-2015,72.668,72.211,72.225,71.889,
06-09-2015,72.5515,72.191,72.2255,71.707,
06-08-2015,72.306,70.85,72.202,70.646,
06-07-2015,70.873,70.873,70.873,70.873,
06-05-2015,72.14,71.865,70.867,70.441,
06-04-2015,72.949,72.139,71.886,71.804,
06-03-2015,72.2445,71.015,72.1405,70.831,
06-02-2015,71.399,69.472,71.042,69.416,
06-01-2015,70.092,70.017,69.492,69.201,
05-31-2015,70.041,70.041,70.041,70.041,
05-29-2015,70.172,69.784,70.041,69.641,
05-28-2015,69.9435,69.579,69.8175,69.339,
05-27-2015,69.9735,69.533,69.6025,69.325,
05-26-2015,69.944,69.689,69.56,69.422,
05-25-2015,70.099,69.847,69.703,69.619,
05-24-2015,69.95,69.95,69.95,69.95,
05-22-2015,71.229,70.639,69.95,69.825,
05-21-2015,71.197,70.532,70.653,70.506,
05-20-2015,71.1585,71.072,70.5495,70.472,
05-19-2015,72.21,72.068,71.093,70.889,
05-18-2015,72.762,72.635,72.089,71.897,
05-17-2015,72.636,72.636,72.636,72.636,
05-15-2015,72.702,72.296,72.655,72.022,
05-14-2015,73.038,72.688,72.32,71.972,
05-13-2015,72.742,71.917,72.703,71.688,
05-12-2015,72.5275,71.382,71.9375,71.285,
05-11-2015,71.506,71.325,71.4,71.021,
05-10-2015,71.401,71.401,71.401,71.401,
05-08-2015,72.283,72.167,71.385,71.278,
05-07-2015,73.1685,72.205,72.1875,72.041,
05-06-2015,72.372,70.861,72.228,70.789,
05-05-2015,71.0675,70.777,70.8845,70.196,
05-04-2015,71.5015,71.355,70.7945,70.696,
05-03-2015,71.299,71.299,71.299,71.299,
05-01-2015,71.8175,71.275,71.3755,71.1,
04-30-2015,71.609,70.607,71.309,70.339,
04-29-2015,70.8915,69.222,70.6405,69.112,
04-28-2015,69.3035,68.986,69.2425,68.761,
04-27-2015,69.2725,69.19,68.9745,68.715,
04-26-2015,69.223,69.223,69.198,69.198,
04-24-2015,69.2775,68.474,69.2265,68.178,
04-23-2015,68.6095,67.529,68.5065,67.305,
04-22-2015,67.982,67.463,67.556,67.283,
04-21-2015,67.9115,67.774,67.4775,66.933,
04-20-2015,67.9495,67.669,67.8065,67.341,
04-19-2015,67.592,67.592,67.592,67.592,
04-17-2015,67.693,67.043,67.598,66.934,
04-16-2015,67.429,66.609,67.063,66.245,
04-15-2015,66.696,66.323,66.641,65.967,
04-14-2015,66.685,65.922,66.337,65.665,
04-13-2015,66.227,66.001,65.948,65.725,
04-12-2015,66.032,66.032,66.032,66.032,
04-10-2015,66.675,66.395,66.037,65.835,
04-09-2015,67.155,67.026,66.415,66.228,
04-08-2015,67.808,67.35,67.051,66.998,
04-07-2015,68.244,67.913,67.37,67.232,
04-06-2015,68.6695,68.071,67.9525,67.828,
04-05-2015,68.113,68.113,68.113,68.113,
04-03-2015,68.3745,67.524,68.0195,67.417,
04-02-2015,67.7605,66.866,67.5505,66.835,
04-01-2015,67.296,66.847,66.889,66.741,
03-31-2015,67.828,67.7,66.845,66.814,
03-30-2015,68.164,68.058,67.717,67.481,
03-29-2015,68.087,68.087,68.087,68.087,
03-27-2015,68.466,68.38,68.078,67.576,
03-26-2015,69.2835,68.443,68.3905,68.199,
03-25-2015,68.6815,68.092,68.4755,67.874,
03-24-2015,68.6695,68.094,68.1245,67.823,
03-23-2015,68.282,67.611,68.12,67.078,
03-22-2015,67.534,67.534,67.534,67.534,
03-20-2015,67.921,66.597,67.54,66.529,
03-19-2015,68.438,68.114,66.614,66.304,
03-18-2015,68.923,66.354,68.134,66.283,
03-17-2015,66.7855,66.326,66.3715,66.16,
03-16-2015,66.7065,66.187,66.3495,65.946,
03-15-2015,66.212,66.212,66.212,66.212,
03-13-2015,66.7945,66.503,66.2065,66.009,
03-12-2015,66.738,66.198,66.517,65.758,
03-11-2015,67.226,67.081,66.215,65.943,
03-10-2015,68.009,67.953,67.098,67.043,
03-09-2015,68.302,67.633,67.973,67.556,
03-08-2015,67.732,67.732,67.732,67.732,
03-06-2015,68.899,68.801,67.735,67.696,
03-05-2015,69.1785,69.009,68.8095,68.398,
03-04-2015,69.3945,69.065,69.0325,68.876,
03-03-2015,69.3735,69.157,69.0885,68.997,
03-02-2015,69.6415,68.96,69.1895,68.806,
03-01-2015,69.03,69.03,69.03,69.03,
02-27-2015,69.6005,69.109,69.0305,68.93,
02-26-2015,70.496,70.257,69.126,69.035,
02-25-2015,70.6655,70.483,70.2845,70.192,
02-24-2015,70.65,70.444,70.507,70.139,
02-23-2015,71.087,70.681,70.446,70.227,
02-22-2015,70.683,70.683,70.683,70.683,
02-20-2015,71.128,70.621,70.683,70.172,
02-19-2015,71.0885,70.709,70.6295,70.445,
02-18-2015,71.07,70.91,70.729,70.494,
02-17-2015,71.206,70.49,70.933,70.392,
02-16-2015,71.138,70.656,70.517,70.274,
02-15-2015,70.6495,70.6495,70.6495,70.6495,
02-13-2015,71.1345,70.845,70.6765,70.615,
02-12-2015,70.9495,70.686,70.8695,70.478,
02-11-2015,70.8085,70.537,70.7005,70.241,
02-10-2015,70.6075,70.36,70.5605,70.015,
02-09-2015,70.6725,70.192,70.3805,69.949,
02-08-2015,70.1135,70.1135,70.1135,70.1135,
02-06-2015,70.904,70.799,70.122,70.026,
02-05-2015,70.946,70.136,70.823,69.836,
02-04-2015,70.89,70.694,70.169,69.928,
02-03-2015,71.036,69.984,70.718,69.79,
02-02-2015,70.2855,69.96,70.0015,69.819,
02-01-2015,69.9895,69.9895,69.9895,69.9895,
01-30-2015,70.4205,69.941,70.0115,69.905,
01-29-2015,70.2315,69.232,69.9585,69.134,
01-28-2015,69.926,69.868,69.261,69.158,
01-27-2015,70.0955,69.068,69.8905,68.971,
01-26-2015,69.448,68.703,69.097,68.175,
01-25-2015,68.862,68.862,68.862,68.862,
01-23-2015,70.063,69.991,68.862,68.256,
01-22-2015,71.7925,71.453,70.0235,69.695,
01-21-2015,71.88,71.206,71.474,71.103,
01-20-2015,71.755,71.515,71.215,71.138,
01-19-2015,71.833,71.448,71.545,71.167,
01-18-2015,71.531,71.531,71.531,71.531,
01-16-2015,72.4405,72.176,71.5805,70.891,
01-15-2015,73.2445,73.185,72.1845,71.3683,
01-14-2015,73.549,72.951,73.207,72.889,
01-13-2015,73.653,73.442,72.966,72.858,
01-12-2015,74.022,73.798,73.453,73.191,
01-11-2015,73.847,73.847,73.847,73.847,
01-09-2015,74.0475,73.894,73.8375,73.324,
01-08-2015,74.9655,74.893,73.9095,73.656,
01-07-2015,75.615,75.578,74.917,74.69,
01-06-2015,76.0295,75.577,75.5845,75.483,
01-05-2015,75.984,75.93,75.593,75.165,
01-04-2015,75.958,75.958,75.958,75.958,
01-02-2015,76.738,76.673,75.958,75.918,
01-01-2015,76.768,76.254,76.685,76.241,
12-31-2014,77.1485,77.032,76.2625,76.235,
12-30-2014,77.5685,77.353,77.0605,76.988,
12-29-2014,77.8115,77.419,77.3715,77.296,
12-28-2014,77.5785,77.5785,77.5785,77.5785,
12-26-2014,77.784,77.628,77.397,77.33,
12-25-2014,77.8465,77.45,77.6375,77.387,
12-24-2014,77.6305,77.201,77.4595,77.152,
12-23-2014,77.7145,77.306,77.2225,77.088,
12-22-2014,77.6845,77.311,77.3335,77.211,
12-21-2014,77.401,77.401,77.401,77.401,
12-19-2014,77.838,77.371,77.339,77.273,
12-18-2014,78.4655,78.384,77.3895,77.245,
12-17-2014,79.837,79.614,78.409,78.25,
12-16-2014,80.0235,78.546,79.6485,78.079,
12-15-2014,78.833,77.9,78.574,77.52,
12-14-2014,77.9255,77.9255,77.9255,77.9255,
12-12-2014,78.075,77.532,77.919,77.066,
12-11-2014,77.9,77.296,77.544,77.165,
12-10-2014,77.3265,76.552,77.3205,76.335,
12-09-2014,77.0535,76.131,76.5765,75.989,
12-08-2014,76.3165,75.998,76.1495,75.76,
12-07-2014,76.073,76.073,76.073,76.073,
12-05-2014,76.6165,76.471,76.0695,75.894,
12-04-2014,76.978,76.141,76.49,76.013,
12-03-2014,76.7655,76.502,76.1595,76.067,
12-02-2014,77.3385,77.239,76.5205,76.471,
12-01-2014,77.595,77.439,77.258,77.091,
11-30-2014,77.4261,77.4261,77.4261,77.4261,
11-28-2014,77.738,77.096,77.464,76.86,
11-27-2014,77.486,77.256,77.121,77.077,
11-26-2014,77.442,77.152,77.281,76.948,
11-25-2014,77.2975,76.954,77.1735,76.75,
11-24-2014,76.9815,76.437,76.9695,76.32,
11-23-2014,76.5365,76.5365,76.5365,76.5365,
11-21-2014,77.843,77.635,76.533,76.419,
11-20-2014,78.071,77.741,77.657,77.48,
11-19-2014,78.051,77.366,77.766,77.212,
11-18-2014,77.4535,76.96,77.3845,76.86,
11-17-2014,77.6245,77.286,76.9785,76.923,
11-16-2014,77.2985,77.2985,77.2985,77.2985,
11-14-2014,77.443,76.834,77.289,76.494,
11-13-2014,76.9535,76.32,76.8555,76.234,
11-12-2014,76.8785,76.727,76.3445,76.191,
11-11-2014,76.894,76.346,76.74,76.327,
11-10-2014,76.9205,76.58,76.3705,76.327,
11-09-2014,76.4044,76.4044,76.4044,76.4044,
11-07-2014,76.725,76.082,76.62,75.995,
11-06-2014,77.0395,76.683,76.1065,76.02,
11-05-2014,77.127,77.001,76.708,76.592,
11-04-2014,77.251,76.646,77.023,76.595,
11-03-2014,76.8575,76.83,76.6675,76.375,
11-02-2014,77.2016,77.2016,77.2016,77.2016,
10-31-2014,77.522,77.469,76.907,76.732,
10-30-2014,77.707,77.39,77.494,77.139,
10-29-2014,78.2155,77.892,77.4245,77.384,
10-28-2014,78.159,77.826,77.92,77.668,
10-27-2014,77.988,77.557,77.848,77.49,
10-26-2014,77.5065,77.5065,77.5065,77.5065,
10-24-2014,77.6585,77.337,77.5055,77.263,
10-23-2014,77.554,77.387,77.359,77.151,
10-22-2014,78.013,77.733,77.412,77.307,
10-21-2014,78.7125,78.362,77.7555,77.715,
10-20-2014,78.4925,78.264,78.3745,78.035,
10-19-2014,78.2285,78.2285,78.2285,78.2285,
10-17-2014,79.263,79.204,78.317,78.246,
10-16-2014,79.412,78.768,79.214,78.515,
10-15-2014,79.0935,77.701,78.7935,77.303,
10-14-2014,77.903,77.775,77.726,77.468,
10-13-2014,77.861,77.421,77.806,77.244,
10-12-2014,77.3915,77.3915,77.3915,77.3915,
10-10-2014,77.748,77.46,77.391,77.217,
10-09-2014,78.268,78.111,77.482,77.149,
10-08-2014,78.228,77.642,78.136,77.385,
10-07-2014,77.9445,77.866,77.6705,77.285,
10-06-2014,78.017,76.962,77.882,76.931,
10-05-2014,77.018,77.018,77.018,77.018,
10-03-2014,78.015,77.946,77.036,76.913,
10-02-2014,78.1525,77.884,77.9685,77.62,
10-01-2014,78.249,78.211,77.922,77.499,
09-30-2014,78.3545,78.058,78.2425,77.582,
09-29-2014,78.324,77.55,78.089,77.434,
09-28-2014,77.5565,77.5565,77.5565,77.5565,
09-26-2014,78.5195,78.196,77.5595,77.495,
09-25-2014,78.2975,77.862,78.2055,77.579,
09-24-2014,78.5045,78.406,77.8875,77.844,
09-23-2014,78.6775,78.289,78.4375,78.163,
09-22-2014,78.3265,78.046,78.3145,77.999,
09-21-2014,78.0775,78.0775,78.0775,78.0775,
09-19-2014,78.628,78.469,78.077,78.006,
09-18-2014,78.7655,78.342,78.4945,78.153,
09-17-2014,79.1865,79.115,78.3705,78.257,
09-16-2014,79.3475,79.045,79.1335,78.909,
09-15-2014,79.183,78.693,79.079,78.53,
09-14-2014,78.4859,78.4859,78.4859,78.4859,
09-12-2014,78.8495,78.739,78.6395,78.287,
09-11-2014,78.9165,78.684,78.7585,78.444,
09-10-2014,78.971,78.386,78.703,78.326,
09-09-2014,78.5405,77.711,78.4075,77.524,
09-08-2014,78.3035,78.157,77.7365,77.621,
09-07-2014,78.2579,78.2579,78.2315,78.2315,
09-05-2014,78.4315,78.117,78.2145,77.979,
09-04-2014,79.5745,79.514,78.1365,77.967,
09-03-2014,79.7095,79.673,79.5505,79.304,
09-02-2014,79.7155,79.457,79.6975,79.372,
09-01-2014,79.5485,79.485,79.4635,79.253,
08-31-2014,79.486,79.486,79.486,79.486,
08-29-2014,79.865,79.72,79.478,79.443,
08-28-2014,79.9835,79.746,79.7575,79.599,
08-27-2014,79.8665,79.568,79.7585,79.471,
08-26-2014,80.033,79.891,79.587,79.544,
08-25-2014,80.022,79.923,79.907,79.684,
08-24-2014,80.099,80.099,79.797,79.797,
08-22-2014,80.6095,80.576,80.0835,79.929,
08-21-2014,80.6795,80.363,80.5885,80.254,
08-20-2014,81.0285,80.8,80.3785,80.326,
08-19-2014,81.225,81.194,80.819,80.758,
08-18-2014,81.445,81.376,81.22,81.127,
08-17-2014,81.445,81.434,81.445,81.434,
08-15-2014,81.518,81.206,81.439,81.157,
08-14-2014,81.6715,81.615,81.2095,81.163,
08-13-2014,82.1435,81.658,81.6505,81.591,
08-12-2014,81.8915,81.876,81.6675,81.481,
08-11-2014,82.023,81.928,81.886,81.748,
08-10-2014,82.007,82.007,81.984,81.984,
08-08-2014,82.4925,81.829,82.0015,81.706,
08-07-2014,82.346,82.293,81.845,81.643,
08-06-2014,82.339,81.38,82.302,81.283,
08-05-2014,81.875,81.788,81.393,81.271,
08-04-2014,82.2225,82.167,81.8005,81.688,
08-03-2014,82.219,82.219,82.188,82.188,
08-01-2014,82.3205,81.076,82.2145,81.034,
07-31-2014,81.144,80.456,81.077,80.42,
07-30-2014,80.801,80.602,80.469,80.27,
07-29-2014,80.834,80.742,80.634,80.566,
07-28-2014,80.876,80.64,80.764,80.61,
07-27-2014,80.681,80.667,80.681,80.667,
07-25-2014,81.0795,80.926,80.6695,80.563,
07-24-2014,81.0865,80.779,80.9525,80.616,
07-23-2014,81.073,80.905,80.817,80.692,
07-22-2014,81.5285,81.463,80.9345,80.882,
07-21-2014,81.6185,81.535,81.4725,81.396,
07-20-2014,81.574,81.53,81.574,81.53,
07-18-2014,81.7685,81.393,81.5325,81.309,
07-17-2014,81.461,81.306,81.412,81.177,
07-16-2014,81.754,81.565,81.322,81.276,
07-15-2014,82.0425,81.864,81.6015,81.523,
07-14-2014,82.0735,81.715,81.8905,81.488,
07-13-2014,81.784,81.784,81.7625,81.7625,
07-11-2014,82.0585,81.907,81.7835,81.498,
07-10-2014,81.9685,81.517,81.9255,81.277,
07-09-2014,81.6165,81.312,81.5495,81.229,
07-08-2014,81.6425,81.542,81.3445,81.056,
07-07-2014,81.7065,81.189,81.5715,81.094,
07-06-2014,81.199,81.199,81.199,81.199,
07-04-2014,81.404,81.299,81.199,81.092,
07-03-2014,81.707,81.521,81.312,81.21,
07-02-2014,82.207,82.124,81.543,81.405,
07-01-2014,82.4045,82.208,82.1595,82.106,
06-30-2014,82.3185,81.911,82.2345,81.85,
06-29-2014,81.955,81.955,81.955,81.955,
06-27-2014,82.0425,81.919,81.9555,81.722,
06-26-2014,82.0865,81.863,81.9545,81.722,
06-25-2014,82.1805,81.84,81.8955,81.793,
06-24-2014,81.9695,81.815,81.8505,81.653,
06-23-2014,81.9795,81.775,81.8445,81.642,
06-22-2014,81.845,81.845,81.835,81.835,
06-20-2014,82.238,81.764,81.835,81.652,
06-19-2014,82.042,81.957,81.78,81.324,
