06-19-2019,88.275,87.471,88.138,87.303,
06-18-2019,87.637,87.546,87.413,87.079,
06-17-2019,88.134,87.971,87.55,87.53,
06-16-2019,88.025,87.99,87.948,87.801,
06-14-2019,88.356,88.137,87.934,87.85,
06-13-2019,88.394,88.046,88.126,87.936,
06-12-2019,88.499,88.288,88.019,87.954,
06-11-2019,88.403,88.2,88.285,87.945,
06-10-2019,88.504,88.132,88.209,88.066,
06-09-2019,88.414,88.116,88.237,88.116,
06-07-2019,88.706,87.847,88.331,87.72,
06-06-2019,88.21,88.011,87.843,87.731,
06-05-2019,88.357,87.981,88.022,87.932,
06-04-2019,88.111,87.602,87.986,87.389,
06-03-2019,88.092,87.87,87.602,87.254,
06-02-2019,87.95,87.858,87.942,87.769,
05-31-2019,88.248,88.045,87.918,87.514,
05-30-2019,88.364,88.194,88.035,87.862,
05-29-2019,88.572,88.069,88.197,88.041,
05-28-2019,88.468,88.125,88.081,88.046,
05-27-2019,88.573,88.303,88.124,88.038,
05-26-2019,88.481,88.277,88.263,88.211,
05-24-2019,88.539,88.171,88.206,87.877,
05-23-2019,88.602,88.191,88.168,87.731,
05-22-2019,88.751,88.478,88.191,88.013,
05-21-2019,89.242,88.596,88.495,88.41,
05-20-2019,89.65,89.418,88.591,88.314,
05-19-2019,89.614,89.396,89.47,89.396,
05-17-2019,89.918,89.733,89.406,89.344,
05-16-2019,90.389,90.207,89.746,89.626,
05-15-2019,90.966,90.793,90.273,90.153,
05-14-2019,91.593,91.448,90.773,90.71,
05-13-2019,92.023,91.009,91.441,90.946,
05-12-2019,91.121,91.023,91.073,90.953,
05-10-2019,91.507,91.317,91.02,90.689,
05-09-2019,91.52,90.685,91.33,90.622,
05-08-2019,91.106,91.072,90.695,90.472,
05-07-2019,91.115,90.87,91.064,90.586,
05-06-2019,91.185,90.603,90.867,90.541,
05-05-2019,91.103,90.549,90.86,90.549,
05-03-2019,91.057,90.474,91.023,89.973,
05-02-2019,91.04,90.737,90.48,90.299,
05-01-2019,91.114,90.775,90.753,90.604,
04-30-2019,90.96,90.326,90.775,90.228,
04-29-2019,90.45,90.303,90.316,90.092,
04-28-2019,90.365,90.288,90.239,90.218,
04-26-2019,90.659,90.516,90.243,90.163,
04-25-2019,90.755,90.249,90.512,90.207,
04-24-2019,90.724,90.265,90.266,90.168,
04-23-2019,90.882,90.499,90.269,90.213,
04-22-2019,90.842,90.211,90.502,90.087,
04-21-2019,90.229,90.195,90.177,90.138,
04-19-2019,90.317,90.203,90.212,90.087,
04-18-2019,90.706,90.55,90.203,90.071,
04-17-2019,90.882,90.734,90.576,90.407,
04-16-2019,91.234,90.915,90.73,90.671,
04-15-2019,91.109,90.49,90.904,90.407,
04-14-2019,90.566,90.473,90.524,90.397,
04-12-2019,90.868,90.15,90.525,90.075,
04-11-2019,90.666,90.531,90.112,89.963,
04-10-2019,90.743,90.434,90.528,90.213,
04-09-2019,91.287,90.883,90.497,90.291,
04-08-2019,91.044,90.167,90.87,90.063,
04-07-2019,90.205,90.17,90.188,90.087,
04-05-2019,90.853,90.216,90.18,89.766,
04-04-2019,91.126,90.08,90.212,89.998,
04-03-2019,90.719,90.51,90.091,89.797,
04-02-2019,90.689,90.669,90.523,89.474,
04-01-2019,90.999,90.216,90.665,90.016,
03-31-2019,90.3,90.183,90.089,90.058,
03-29-2019,90.953,90.225,90.168,89.763,
03-28-2019,91.352,91.166,90.276,90.207,
03-27-2019,91.703,91.129,91.143,90.72,
03-26-2019,91.371,90.894,91.136,90.594,
03-25-2019,91.543,91.356,90.966,90.68,
03-24-2019,91.54,91.419,91.342,91.235,
03-22-2019,91.418,90.207,91.383,90.037,
03-21-2019,91.011,90.778,90.2,89.38,
03-20-2019,91.71,91.578,90.782,90.407,
03-19-2019,91.839,90.969,91.576,90.761,
03-18-2019,91.712,91.608,90.98,90.496,
03-17-2019,91.742,91.711,91.697,91.59,
03-15-2019,92.043,91.864,91.692,91.251,
03-14-2019,92.75,92.732,91.85,91.575,
03-13-2019,93.064,91.049,92.745,90.939,
03-12-2019,92.766,91.846,91.028,90.662,
03-11-2019,92.003,91.137,91.87,90.618,
03-10-2019,91.175,91.137,90.913,90.651,
03-08-2019,92.013,91.743,91.137,90.949,
03-07-2019,92.488,92.304,91.747,91.621,
03-06-2019,92.906,92.9,92.296,91.957,
03-05-2019,93.579,93.438,92.891,92.424,
03-04-2019,94.256,93.979,93.52,93.368,
03-03-2019,94.245,93.787,93.99,93.728,
03-01-2019,94.183,93.948,93.749,93.403,
02-28-2019,94.886,94.767,93.956,93.885,
02-27-2019,95.052,94.082,94.76,93.924,
02-26-2019,94.411,92.72,94.115,92.72,
02-25-2019,93.07,92.88,92.772,92.446,
02-24-2019,92.914,92.736,92.804,92.633,
02-22-2019,92.96,92.832,92.725,92.254,
02-21-2019,93.239,92.685,92.881,92.558,
02-20-2019,93.269,93.129,92.671,92.532,
02-19-2019,93.225,92.237,93.147,92.007,
02-18-2019,92.398,91.974,92.26,91.974,
02-17-2019,92.261,91.987,92.048,91.955,
02-15-2019,92.022,90.921,91.945,90.838,
02-14-2019,91.391,91.055,90.987,90.802,
02-13-2019,91.763,90.941,91.046,90.848,
02-12-2019,91.73,91.472,90.933,90.707,
02-11-2019,92.215,92.165,91.422,91.379,
02-10-2019,92.207,92.132,92.076,92.007,
02-08-2019,92.52,92.376,92.157,91.787,
02-07-2019,92.823,92.546,92.365,91.885,
02-06-2019,92.953,92.624,92.543,92.5,
02-05-2019,93.683,93.475,92.588,92.478,
02-04-2019,93.955,93.47,93.492,93.313,
02-03-2019,93.477,93.469,93.415,93.319,
02-01-2019,93.601,93.028,93.437,92.808,
01-31-2019,93.57,93.429,93.025,92.895,
01-30-2019,93.642,93.326,93.436,92.995,
01-29-2019,94.074,93.56,93.296,93.218,
01-28-2019,93.93,93.552,93.535,93.41,
01-27-2019,93.691,93.418,93.641,93.372,
01-25-2019,93.719,92.764,93.585,92.694,
01-24-2019,93.251,93.031,92.769,92.438,
01-23-2019,93.167,92.35,93.042,92.155,
01-22-2019,92.475,91.76,92.332,91.713,
01-21-2019,92.03,91.752,91.779,91.377,
01-20-2019,91.893,91.737,91.519,91.498,
01-18-2019,92.475,92.273,91.683,91.547,
01-17-2019,92.401,91.454,92.269,91.351,
01-16-2019,91.825,91.442,91.444,91.129,
01-15-2019,91.722,91.012,91.435,90.084,
01-14-2019,91.462,90.447,91.033,90.376,
01-13-2019,90.567,90.473,90.451,90.378,
01-11-2019,90.599,89.847,90.466,89.629,
01-10-2019,90.338,90.246,89.778,89.597,
01-09-2019,90.359,89.204,90.239,89.162,
01-08-2019,89.681,89.197,89.215,89.058,
01-07-2019,89.248,88.55,89.213,88.302,
01-06-2019,88.614,88.537,88.551,88.457,
01-04-2019,88.769,88.57,88.523,88.07,
01-03-2019,88.698,88.219,88.559,87.05,
01-02-2019,89.305,88.519,88.266,88.097,
01-01-2019,89.008,88.765,88.566,88.378,
12-31-2018,89.433,88.683,88.768,88.483,
12-30-2018,88.87,88.87,88.87,88.87,
12-28-2018,89.087,88.968,88.867,88.442,
12-27-2018,89.178,88.521,88.964,88.5,
12-26-2018,89.079,88.775,88.526,88.505,
12-25-2018,89.506,89.231,88.869,88.722,
12-24-2018,89.341,88.76,89.201,88.52,
12-23-2018,88.783,88.783,88.742,88.661,
12-21-2018,89.207,88.575,88.597,88.237,
12-20-2018,89.329,88.632,88.576,88.293,
12-19-2018,89.505,89.321,88.621,88.536,
12-18-2018,90.483,90.404,89.296,89.133,
12-17-2018,90.698,90.554,90.422,90.15,
12-16-2018,90.54,90.54,90.509,90.497,
12-14-2018,90.708,90.528,90.504,90.156,
12-13-2018,90.96,90.745,90.54,90.174,
12-12-2018,91.043,90.254,90.727,89.883,
12-11-2018,91.216,91.1,90.276,90.151,
12-10-2018,91.738,90.198,91.085,89.992,
12-09-2018,90.882,90.882,90.815,90.749,
12-07-2018,90.776,90.579,90.195,89.989,
12-06-2018,90.782,89.847,90.579,89.742,
12-05-2018,90.218,89.746,89.847,89.376,
12-04-2018,90.628,89.635,89.714,89.284,
12-03-2018,90.109,88.936,89.628,88.679,
12-02-2018,89.04,89.04,89.04,89.04,
11-30-2018,89.448,89.266,88.856,88.671,
11-29-2018,90.691,90.606,89.28,89.07,
11-28-2018,90.761,90.233,90.6,89.981,
11-27-2018,91.028,90.894,90.247,90.099,
11-26-2018,91.183,90.823,90.894,90.078,
11-25-2018,90.619,90.619,90.619,90.619,
11-23-2018,91.076,91.034,90.537,90.431,
11-22-2018,91.698,91.1,91.034,90.469,
11-21-2018,91.477,91.342,91.11,91.01,
11-20-2018,92.211,92.032,91.345,91.295,
11-19-2018,92.547,92.343,92.026,91.67,
11-18-2018,92.172,92.172,92.145,92.145,
11-16-2018,92.677,91.85,92.415,91.712,
11-15-2018,94.061,93.938,91.879,91.504,
11-14-2018,94.671,94.207,93.978,93.175,
11-13-2018,94.763,93.626,94.181,93.38,
11-12-2018,94.324,93.941,93.618,93.557,
11-11-2018,93.608,93.608,93.608,93.608,
11-09-2018,95.04,94.546,94.053,93.924,
11-08-2018,95.232,95.095,94.539,94.409,
11-07-2018,95.93,95.57,95.097,95.084,
11-06-2018,95.637,95.311,95.564,95.105,
11-05-2018,95.42,94.368,95.296,94.063,
11-04-2018,94.658,94.658,94.658,94.658,
11-02-2018,95.635,95.576,93.972,93.814,
11-01-2018,95.767,94.422,95.583,94.37,
10-31-2018,94.894,93.606,94.421,93.547,
10-30-2018,94.335,93.912,93.621,93.478,
10-29-2018,94.478,94.227,93.9,93.879,
10-28-2018,94.244,93.854,93.858,93.854,
10-26-2018,94.349,93.856,94.275,93.766,
10-25-2018,94.71,94.343,93.859,93.719,
10-24-2018,95.564,95.49,94.328,94.166,
10-23-2018,95.978,95.369,95.49,95.318,
10-22-2018,95.972,95.891,95.353,95.293,
10-21-2018,96.054,96.01,96.018,96.01,
10-19-2018,96.154,95.712,95.912,95.419,
10-18-2018,96.579,96.511,95.722,95.7,
10-17-2018,96.936,96.856,96.526,96.412,
10-16-2018,97.436,97.019,96.875,96.764,
10-15-2018,97.416,96.728,97.026,96.279,
10-14-2018,96.926,96.926,96.549,96.526,
10-12-2018,98.076,98.001,96.838,96.736,
10-11-2018,98.555,97.977,98.001,97.617,
10-10-2018,98.153,97.709,97.977,97.487,
10-09-2018,97.772,96.966,97.713,96.731,
10-08-2018,97.01,96.697,96.951,96.45,
10-07-2018,96.813,96.813,96.813,96.813,
10-05-2018,96.827,95.864,96.812,95.537,
10-04-2018,96.028,94.922,95.874,94.775,
10-03-2018,95.525,94.65,94.909,94.591,
10-02-2018,95.218,95.123,94.649,94.365,
10-01-2018,95.606,94.481,95.116,94.46,
09-30-2018,94.487,94.487,94.487,94.487,
09-28-2018,95.067,94.939,94.484,94.26,
09-27-2018,95.741,95.611,94.925,94.882,
09-26-2018,95.966,95.874,95.589,95.313,
09-25-2018,95.9,95.337,95.82,95.191,
09-24-2018,95.741,94.407,95.354,94.313,
09-23-2018,94.509,94.439,94.509,94.439,
09-21-2018,95.844,95.552,94.472,94.267,
09-20-2018,95.773,95.103,95.542,95.038,
09-19-2018,96.082,95.599,95.11,94.813,
09-18-2018,96.147,95.452,95.603,95.143,
09-17-2018,95.51,93.936,95.451,93.936,
09-16-2018,94.274,94.243,94.259,94.243,
09-14-2018,94.535,94.42,93.922,93.85,
09-13-2018,94.534,94.15,94.419,93.886,
09-12-2018,94.906,94.671,94.154,93.671,
09-11-2018,94.848,94.39,94.69,94.243,
09-10-2018,94.572,92.858,94.383,92.707,
09-09-2018,93.214,93.167,93.214,93.167,
09-07-2018,93.42,93.049,92.771,92.677,
09-06-2018,93.272,92.603,93.049,92.521,
09-05-2018,93.171,92.019,92.611,91.761,
09-04-2018,92.156,91.629,92.034,91.415,
09-03-2018,92.101,92.101,91.668,91.275,
09-02-2018,92.03,92.03,91.771,91.771,
08-31-2018,92.447,92.043,92.047,91.927,
08-30-2018,92.311,91.892,92.053,91.858,
08-29-2018,91.939,90.258,91.882,90.112,
08-28-2018,90.701,90.474,90.272,90.178,
08-27-2018,90.534,89.835,90.463,89.633,
08-26-2018,89.664,89.662,89.664,89.631,
08-24-2018,90.141,89.859,89.933,89.734,
08-23-2018,90.529,90.213,89.857,89.76,
08-22-2018,90.43,90.154,90.209,89.896,
08-21-2018,90.311,89.359,90.13,89.235,
08-20-2018,89.493,89.304,89.352,88.645,
08-19-2018,89.031,89.031,89.031,89.031,
08-17-2018,89.444,89.13,89.395,89.016,
08-16-2018,89.555,88.78,89.151,88.71,
08-15-2018,89.136,89.031,88.784,88.532,
08-14-2018,89.655,89.429,89.024,88.877,
08-13-2018,89.576,87.96,89.401,87.779,
08-12-2018,88.227,88.227,88.227,88.227,
08-10-2018,88.401,88.171,87.966,87.65,
08-09-2018,88.626,88.441,88.177,88.15,
08-08-2018,88.991,88.797,88.444,88.214,
08-07-2018,89.226,89.09,88.804,88.701,
08-06-2018,89.319,89.194,89.09,88.945,
08-05-2018,89.077,89.077,89.077,89.077,
08-03-2018,89.575,89.347,89.16,89.078,
08-02-2018,90.136,89.706,89.34,89.305,
08-01-2018,90.059,89.868,89.716,89.599,
07-31-2018,90.354,90.122,89.864,89.722,
07-30-2018,90.241,89.828,90.102,89.814,
07-29-2018,89.94,89.94,89.94,89.94,
07-27-2018,90.121,90.01,89.951,89.835,
07-26-2018,90.826,90.662,90.007,89.98,
07-25-2018,90.737,90.624,90.648,90.269,
07-24-2018,90.742,90.195,90.632,90.153,
07-23-2018,90.527,89.414,90.204,89.414,
07-22-2018,90.281,90.281,90.281,90.281,
07-20-2018,90.344,89.823,90.283,89.524,
07-19-2018,90.07,89.692,89.823,89.499,
07-18-2018,89.829,89.733,89.707,89.224,
07-17-2018,90.829,90.726,89.746,89.445,
07-16-2018,91.233,90.623,90.73,90.575,
07-15-2018,90.621,90.621,90.604,90.604,
07-13-2018,90.704,90.498,90.656,89.799,
07-12-2018,90.814,90.758,90.487,90.362,
07-11-2018,91.441,91.296,90.761,90.719,
07-10-2018,91.537,91.037,91.279,90.954,
07-09-2018,91.77,91.545,91.036,90.576,
07-08-2018,91.443,91.374,91.443,91.374,
07-06-2018,91.463,91.105,91.411,90.939,
07-05-2018,91.545,90.897,91.108,90.801,
07-04-2018,91.025,90.455,90.887,90.358,
07-03-2018,90.63,90.312,90.438,90.119,
07-02-2018,90.535,90.244,90.319,90.054,
07-01-2018,90.409,90.409,90.388,90.388,
06-29-2018,90.499,90.025,90.425,89.624,
06-28-2018,90.618,90.015,90.029,89.849,
06-27-2018,90.715,90.443,90.004,89.963,
06-26-2018,90.681,90.487,90.43,90.028,
06-25-2018,90.532,90.098,90.436,89.908,
06-24-2018,90.05,90.043,90.021,90.021,
06-22-2018,90.299,90.044,90.061,89.865,
06-21-2018,90.17,89.669,90.041,89.213,
06-20-2018,90.094,89.998,89.656,89.511,
06-19-2018,90.374,90.106,90.032,89.862,
06-18-2018,90.476,90.268,90.112,89.944,
06-17-2018,90.377,90.377,90.377,90.377,
06-15-2018,90.517,89.768,90.421,89.659,
06-14-2018,90.959,90.478,89.773,89.734,
06-13-2018,90.549,90.241,90.482,90.042,
06-12-2018,90.598,90.288,90.234,90.035,
06-11-2018,90.659,90.51,90.241,89.972,
06-10-2018,90.443,90.443,90.443,90.443,
06-08-2018,90.944,90.487,90.567,90.15,
06-07-2018,90.623,89.656,90.495,89.629,
06-06-2018,90.148,89.894,89.653,89.62,
06-05-2018,90.025,89.294,89.891,89.228,
06-04-2018,89.903,89.361,89.287,89.146,
06-03-2018,89.352,89.352,89.352,89.352,
06-01-2018,89.688,89.668,89.425,89.042,
05-31-2018,90.142,89.624,89.685,89.51,
05-30-2018,90,89.891,89.638,89.405,
05-29-2018,90.327,89.726,89.912,89.632,
05-28-2018,90.266,90.138,89.733,89.618,
05-27-2018,90.155,90.137,90.155,90.137,
05-25-2018,91.528,91.439,90.142,90.04,
05-24-2018,91.749,91.26,91.446,91.173,
05-23-2018,91.59,91.392,91.247,91.046,
05-22-2018,91.806,91.489,91.388,91.154,
05-21-2018,91.688,91.6,91.482,91.14,
05-18-2018,91.947,91.602,91.606,91.513,
05-17-2018,91.977,91.421,91.591,91.256,
05-16-2018,92.01,91.942,91.415,91.228,
05-15-2018,92.201,91.594,91.953,91.409,
05-14-2018,91.953,91.365,91.588,91.195,
05-11-2018,91.566,90.906,91.229,90.784,
05-10-2018,91.608,91.225,90.915,90.505,
05-09-2018,91.537,90.938,91.236,90.877,
05-08-2018,91.184,91.022,90.941,90.515,
05-07-2018,91.156,90.448,91.022,90.374,
05-04-2018,90.839,90.514,90.424,90.157,
05-03-2018,90.783,90.552,90.511,90.285,
05-02-2018,91.156,90.945,90.569,90.409,
05-01-2018,91.555,91.463,90.942,90.394,
04-30-2018,91.9,91.853,91.525,91.023,
04-27-2018,93.119,92.986,91.802,91.651,
04-26-2018,93.468,93.236,93.002,92.847,
04-25-2018,93.438,92.835,93.227,92.788,
04-24-2018,92.909,92.743,92.822,92.427,
04-23-2018,93.013,92.826,92.749,92.555,
04-20-2018,93.052,92.788,92.724,92.639,
04-19-2018,93.742,93.332,92.821,92.669,
04-18-2018,94.092,93.843,93.342,93.067,
04-17-2018,94.368,93.858,93.844,93.779,
04-16-2018,93.93,93.022,93.871,92.846,
04-13-2018,93.285,92.874,92.93,92.746,
04-12-2018,93.028,92.522,92.891,92.454,
04-11-2018,92.803,92.063,92.516,92.017,
04-10-2018,92.234,91.802,92.067,91.671,
04-09-2018,92.015,91.531,91.788,91.406,
04-06-2018,91.617,90.868,91.502,90.844,
04-05-2018,91.718,91.581,90.868,90.686,
04-04-2018,91.736,91.373,91.593,91.263,
04-03-2018,91.608,91.478,91.38,91.186,
04-02-2018,91.686,91.379,91.478,91.296,
03-30-2018,91.568,91.268,91.275,91.223,
03-29-2018,91.858,91.722,91.275,91.243,
03-28-2018,92.429,91.94,91.729,91.677,
03-27-2018,92.317,92.252,91.942,91.407,
03-26-2018,92.368,91.898,92.237,91.841,
03-23-2018,92.107,91.776,91.854,91.556,
03-22-2018,92.566,92.164,91.772,91.642,
03-21-2018,92.252,91.274,92.171,91.268,
03-20-2018,91.698,91.465,91.281,91.156,
03-19-2018,91.847,90.537,91.465,90.46,
03-16-2018,90.801,90.57,90.596,90.182,
03-15-2018,90.891,90.527,90.58,90.313,
03-14-2018,90.996,90.551,90.523,90.31,
03-13-2018,90.775,90.371,90.547,90.078,
03-12-2018,90.464,90.215,90.365,90.012,
03-09-2018,90.5,89.917,90.192,89.767,
03-08-2018,90.524,90.183,89.923,89.797,
03-07-2018,90.392,90.141,90.19,89.892,
03-06-2018,90.457,90.063,90.137,89.793,
03-05-2018,90.305,89.873,90.053,89.532,
03-02-2018,90.141,89.868,90.037,89.736,
03-01-2018,89.926,89.742,89.861,89.395,
02-28-2018,90.834,90.306,89.733,89.707,
02-27-2018,90.852,90.464,90.297,89.904,
02-26-2018,91.115,90.426,90.471,90.24,
02-23-2018,90.761,90.689,90.384,89.996,
02-22-2018,90.904,90.205,90.715,90.063,
02-21-2018,90.856,90.778,90.195,90.049,
02-20-2018,90.942,89.979,90.775,89.754,
02-19-2018,90.278,90.169,89.982,89.68,
02-16-2018,90.536,90.089,90.174,89.885,
02-15-2018,90.137,89.763,90.089,89.518,
02-14-2018,89.856,89.29,89.727,88.466,
02-13-2018,89.503,88.938,89.277,88.905,
02-12-2018,89.254,88.977,88.951,88.734,
02-09-2018,89.979,89.457,89.079,88.615,
02-08-2018,90.398,89.237,89.464,88.984,
02-07-2018,89.733,89.598,89.23,89.014,
02-06-2018,89.938,89.537,89.591,88.934,
02-05-2018,90.742,90.618,89.529,89.504,
02-02-2018,91.59,91.264,90.567,90.419,
02-01-2018,91.35,90.183,91.267,90.106,
01-31-2018,90.51,90.109,90.19,89.891,
01-30-2018,90.227,89.508,90.099,89.148,
01-29-2018,90.051,90.051,89.514,89.184,
01-26-2018,90.747,89.859,90.11,89.624,
01-25-2018,91.19,90.67,89.823,89.448,
01-24-2018,90.798,89.258,90.671,89.245,
01-23-2018,89.478,89.362,89.27,88.757,
01-22-2018,89.388,88.538,89.37,88.444,
01-19-2018,88.874,88.757,88.414,88.365,
01-18-2018,88.886,88.367,88.734,88.165,
01-17-2018,89.081,88.282,88.334,87.912,
01-16-2018,88.35,87.597,88.299,87.546,
01-15-2018,87.778,87.336,87.6,87.04,
01-12-2018,87.436,86.221,87.334,86.02,
01-11-2018,86.338,85.939,86.224,85.674,
01-10-2018,86.332,86.222,85.945,85.867,
01-09-2018,86.279,86.135,86.209,85.928,
01-08-2018,86.257,85.959,86.123,85.73,
01-05-2018,86.09,85.924,85.956,85.728,
01-04-2018,85.989,85.827,85.926,85.65,
01-03-2018,86.442,86.226,85.83,85.709,
01-02-2018,86.338,86.019,86.23,85.951,
01-01-2018,86.269,86.269,85.99,85.865,
12-29-2017,86.475,86.153,86.276,86.01,
12-28-2017,86.328,85.905,86.146,85.866,
12-27-2017,86.174,85.668,85.901,85.623,
12-26-2017,85.769,85.602,85.66,85.541,
12-25-2017,85.76,85.511,85.588,85.499,
12-22-2017,85.841,85.701,85.546,85.457,
12-21-2017,85.817,85.764,85.694,85.355,
12-20-2017,86.059,85.741,85.757,85.689,
12-19-2017,85.978,85.929,85.748,85.355,
12-18-2017,86.324,85.457,85.932,85.284,
12-15-2017,86.534,86.418,85.365,85.216,
12-14-2017,86.695,86.496,86.418,86.208,
12-13-2017,86.519,85.775,86.505,85.743,
12-12-2017,86.254,85.85,85.775,85.681,
12-11-2017,86.469,86.344,85.844,85.791,
12-08-2017,87.197,87.017,86.349,86.056,
12-07-2017,87.086,86.419,87.002,86.014,
12-06-2017,86.597,86.513,86.418,86.172,
12-05-2017,86.804,86.778,86.519,86.116,
12-04-2017,87.195,86.97,86.781,86.359,
12-01-2017,87.394,87.225,86.924,86.737,
11-30-2017,87.353,86.291,87.233,86.278,
11-29-2017,86.539,85.904,86.3,85.904,
11-28-2017,86.236,85.843,85.919,85.159,
11-27-2017,86.35,86.257,85.871,85.846,
11-24-2017,86.428,85.933,86.266,85.823,
11-23-2017,86.521,86.462,85.933,85.856,
11-22-2017,86.495,85.897,86.463,85.763,
11-21-2017,86.288,86.169,85.897,85.749,
11-20-2017,86.41,85.933,86.163,85.719,
11-17-2017,86.487,86.159,85.907,85.514,
11-16-2017,86.287,85.966,86.156,85.737,
11-15-2017,86.219,86.123,85.971,85.656,
11-14-2017,86.276,85.832,86.112,85.57,
11-13-2017,86.011,85.913,85.831,85.418,
11-10-2017,86.257,85.419,85.989,85.296,
11-09-2017,85.542,85.146,85.413,84.957,
11-08-2017,85.828,85.648,85.146,84.957,
11-07-2017,85.71,85.118,85.665,85.073,
11-06-2017,85.156,84.471,85.124,84.296,
11-03-2017,84.78,84.335,84.419,84.238,
11-02-2017,85.874,85.516,84.329,84.225,
11-01-2017,86.079,85.995,85.522,85.484,
10-31-2017,86.059,85.647,86.007,85.438,
10-30-2017,85.722,85.335,85.671,85.245,
10-27-2017,85.47,85.33,85.391,85.011,
10-26-2017,86.234,86.124,85.329,85.246,
10-25-2017,86.168,85.469,86.117,85.379,
10-24-2017,86.012,85.83,85.502,85.372,
10-23-2017,85.986,85.758,85.814,85.51,
10-20-2017,85.866,85.533,85.781,85.065,
10-19-2017,86.055,85.899,85.527,85.443,
10-18-2017,85.957,85.788,85.905,85.567,
10-17-2017,86.302,85.731,85.778,85.544,
10-16-2017,86.212,86.109,85.728,85.566,
10-13-2017,86.587,86.278,85.963,85.93,
10-12-2017,86.478,86.168,86.282,85.373,
10-11-2017,86.3,86.169,86.161,85.854,
10-10-2017,86.307,85.883,86.156,85.801,
10-09-2017,86.174,85.465,85.889,85.379,
10-06-2017,85.691,85.474,85.448,85.194,
10-05-2017,86.305,86.126,85.463,85.385,
10-04-2017,86.931,86.675,86.145,86.126,
10-03-2017,87.114,86.709,86.698,86.401,
10-02-2017,87.545,87.447,86.715,86.572,
09-29-2017,88.024,87.991,87.496,87.182,
09-28-2017,88.211,87.976,88.008,87.568,
09-27-2017,88.249,88.096,87.966,87.798,
09-26-2017,88.371,87.71,88.099,87.658,
09-25-2017,88.09,87.428,87.707,87.221,
09-22-2017,88.468,88.018,87.428,87.15,
09-21-2017,88.064,86.757,88.019,86.623,
09-20-2017,87.812,86.87,86.757,86.487,
09-19-2017,87.109,86.582,86.862,86.43,
09-18-2017,87.222,87.035,86.575,86.388,
09-15-2017,87.254,85.915,87.144,85.805,
09-14-2017,85.969,84.554,85.905,84.345,
09-13-2017,85.289,85.065,84.564,84.397,
09-12-2017,85.162,84.157,85.058,84.138,
09-11-2017,84.531,84.218,84.161,84.021,
09-08-2017,84.359,83.864,84.186,83.787,
09-07-2017,83.968,83.553,83.866,83.398,
09-06-2017,83.829,83.541,83.553,83.496,
09-05-2017,83.618,82.784,83.548,82.733,
09-04-2017,83.126,82.966,82.814,82.639,
09-01-2017,83.21,82.671,82.915,82.534,
08-31-2017,82.823,82.697,82.671,82.159,
08-30-2017,82.797,82.695,82.707,82.394,
08-29-2017,83.097,82.635,82.707,82.558,
08-28-2017,82.87,82.576,82.645,82.249,
08-25-2017,82.499,81.968,82.493,81.93,
08-24-2017,82.201,81.951,81.978,81.817,
08-23-2017,82.305,82.166,81.978,81.844,
08-22-2017,82.766,82.701,82.166,82.096,
08-21-2017,82.837,82.51,82.709,82.311,
08-18-2017,82.85,82.581,82.528,82.272,
08-17-2017,82.873,82.738,82.577,82.494,
08-16-2017,82.844,82.523,82.728,82.401,
08-15-2017,83.157,83.093,82.522,82.368,
08-14-2017,83.537,83.344,83.093,83.041,
08-11-2017,83.581,83.17,83.459,82.972,
08-10-2017,83.4,83.018,83.163,82.831,
08-09-2017,83.095,82.73,83.05,82.583,
08-08-2017,83.323,83.197,82.743,82.495,
08-07-2017,83.373,82.924,83.216,82.924,
08-04-2017,83.894,83.726,83.01,82.942,
08-03-2017,84.431,84.183,83.702,83.51,
08-02-2017,84.737,84.634,84.141,84.129,
08-01-2017,84.903,84.817,84.627,84.561,
07-31-2017,84.898,84.216,84.84,84.044,
07-28-2017,84.331,83.748,84.222,83.722,
07-27-2017,84.597,84.418,83.779,83.703,
07-26-2017,84.481,83.909,84.439,83.794,
07-25-2017,84.24,83.894,83.862,83.739,
07-24-2017,84.087,83.611,83.9,83.611,
07-21-2017,83.787,83.517,83.671,83.395,
07-20-2017,83.943,83.667,83.514,83.321,
07-19-2017,83.987,83.809,83.666,83.647,
07-18-2017,84.519,84.061,83.868,83.694,
07-17-2017,84.435,84.319,84.002,83.938,
07-14-2017,84.485,83.435,84.369,83.416,
07-13-2017,83.517,83.059,83.408,83.014,
07-12-2017,83.309,82.966,83.076,82.683,
07-11-2017,83.505,83.061,82.957,82.834,
07-10-2017,83.373,83.257,83.05,82.876,
07-07-2017,84.041,83.968,83.314,83.121,
07-06-2017,84.091,83.826,83.954,83.677,
07-05-2017,83.88,83.672,83.816,83.537,
07-04-2017,84.046,83.922,83.709,83.638,
07-03-2017,84.317,84.077,83.89,83.845,
06-30-2017,84.382,84.103,84.18,83.65,
06-29-2017,84.139,83.356,84.106,83.332,
06-28-2017,83.779,82.663,83.405,82.585,
06-27-2017,82.915,81.98,82.631,81.935,
06-26-2017,82.251,82.083,81.968,81.858,
06-23-2017,82.255,81.939,82.037,81.886,
06-22-2017,81.996,81.778,81.933,81.647,
06-21-2017,82.011,81.507,81.766,81.347,
06-20-2017,82.263,82.099,81.517,81.337,
06-19-2017,82.528,82.397,82.15,82.016,
06-16-2017,82.713,82.334,82.361,82.219,
06-15-2017,82.578,81.925,82.353,81.719,
06-14-2017,82.337,82.034,81.912,81.751,
06-13-2017,82.094,81.641,82.069,81.495,
06-12-2017,82.171,81.793,81.609,81.499,
06-09-2017,83.287,83.249,81.88,81.255,
06-08-2017,83.549,83.488,83.223,82.954,
06-07-2017,83.55,83.209,83.504,82.945,
06-06-2017,83.379,83.049,83.186,82.96,
06-05-2017,83.304,82.757,83.034,82.738,
06-02-2017,83.163,83.047,83.008,82.802,
06-01-2017,83.219,83.187,83.058,82.755,
05-31-2017,83.353,83.102,83.153,82.385,
05-30-2017,83.356,82.866,83.111,82.576,
05-29-2017,82.953,82.618,82.876,82.515,
05-26-2017,83.589,83.55,82.595,82.402,
05-25-2017,84.097,83.981,83.534,83.463,
05-24-2017,84.305,84.105,84.032,83.722,
05-23-2017,84.57,83.86,84.12,83.692,
05-22-2017,84.186,84.012,83.863,83.722,
05-19-2017,84.373,83.932,84.164,83.777,
05-18-2017,84.629,83.151,83.915,83.094,
05-17-2017,83.324,82.74,83.177,82.65,
05-16-2017,83.025,82.609,82.73,82.474,
05-15-2017,82.981,82.82,82.603,82.487,
05-12-2017,83.07,82.954,82.816,82.584,
05-11-2017,83.624,83.592,82.999,82.726,
05-10-2017,84.011,83.683,83.599,83.463,
05-09-2017,83.755,83.275,83.663,83.237,
05-08-2017,83.565,83.494,83.282,83.152,
05-05-2017,83.526,82.986,83.487,82.838,
05-04-2017,83.068,82.548,82.985,82.413,
05-03-2017,83.1,83.023,82.561,82.535,
05-02-2017,83.046,82.796,83.02,82.555,
05-01-2017,83.281,83.256,82.799,82.754,
04-28-2017,83.433,82.763,83.259,82.641,
04-27-2017,82.843,82.381,82.734,82.311,
04-26-2017,82.638,82.619,82.375,82.035,
04-25-2017,82.632,82.515,82.606,82.147,
04-24-2017,83.121,83.037,82.508,82.347,
04-21-2017,82.933,82.784,82.836,82.461,
04-20-2017,83.024,82.617,82.804,82.559,
04-19-2017,83.058,82.953,82.635,82.564,
04-18-2017,83.334,81.014,82.94,80.797,
04-17-2017,81.33,80.803,81.016,80.623,
04-14-2017,80.826,80.608,80.755,80.563,
04-13-2017,81.367,81.121,80.576,80.543,
04-12-2017,81.186,80.629,81.121,80.556,
04-11-2017,80.678,80.199,80.639,79.967,
04-10-2017,80.292,79.599,80.207,79.49,
04-07-2017,80.74,80.547,79.525,79.466,
04-06-2017,81.281,80.999,80.561,80.335,
04-05-2017,81.153,80.954,80.984,80.677,
04-04-2017,81.19,81.131,80.963,80.683,
04-03-2017,81.475,81.353,81.147,80.99,
03-31-2017,81.454,80.859,81.428,80.638,
03-30-2017,81.3,80.627,80.88,80.517,
03-29-2017,81.078,80.961,80.666,80.439,
03-28-2017,81.88,81.614,80.981,80.909,
03-27-2017,82.067,81.683,81.627,81.507,
03-24-2017,81.969,81.95,81.591,81.558,
03-23-2017,82.077,81.724,81.953,81.606,
03-22-2017,81.908,81.531,81.714,81.339,
03-21-2017,81.664,80.775,81.54,80.635,
03-20-2017,81.31,81.189,80.753,80.581,
03-17-2017,81.319,80.809,81.15,80.705,
03-16-2017,80.983,80.671,80.816,80.029,
03-15-2017,80.784,79.918,80.672,79.55,
03-14-2017,80.93,80.871,79.942,79.754,
03-13-2017,81.457,80.938,80.865,80.689,
03-10-2017,81.218,81.158,81.007,80.884,
03-09-2017,81.355,81.234,81.138,80.894,
03-08-2017,81.393,81.276,81.253,80.98,
03-07-2017,81.683,81.558,81.282,81.082,
03-06-2017,82.144,82.097,81.587,81.475,
03-03-2017,82.166,81.951,82.106,81.663,
03-02-2017,82.257,82.21,81.918,81.758,
03-01-2017,82.84,82.62,82.21,82.103,
02-28-2017,83.164,82.996,82.609,82.529,
02-27-2017,83.249,83.075,82.989,82.561,
02-24-2017,83.871,83.757,83.09,82.962,
02-23-2017,83.769,83.234,83.73,83.055,
02-22-2017,83.822,83.597,83.359,83.255,
02-21-2017,83.627,83.369,83.544,83.024,
02-20-2017,83.576,83.234,83.37,83.149,
02-17-2017,83.996,83.779,83.276,83.061,
02-16-2017,84.004,83.314,83.769,83.266,
02-15-2017,83.512,83.353,83.323,82.888,
02-14-2017,84.049,83.862,83.34,83.199,
02-13-2017,84.032,83.407,83.879,83.374,
02-10-2017,83.844,83.466,83.51,83.218,
02-09-2017,84.33,84.102,83.433,83.386,
02-08-2017,84.299,84.249,84.081,83.796,
02-07-2017,84.513,83.79,84.251,83.246,
02-06-2017,84.064,83.942,83.788,83.532,
02-03-2017,84.484,84.182,83.896,83.701,
02-02-2017,85.743,85.362,84.201,84.16,
02-01-2017,85.489,84.94,85.327,84.747,
01-31-2017,85.081,84.703,84.927,84.195,
01-30-2017,85.859,85.487,84.692,84.513,
01-27-2017,86.021,85.886,85.506,85.283,
01-26-2017,86.25,85.926,85.857,85.599,
01-25-2017,86.044,85.339,85.899,85.152,
01-24-2017,85.458,85.298,85.312,84.569,
01-23-2017,85.354,84.173,85.305,84.124,
01-20-2017,84.332,84.07,84.243,83.59,
01-19-2017,84.108,83.62,84.049,83.559,
01-18-2017,84.308,84.24,83.632,83.522,
01-17-2017,84.354,82.02,84.24,81.825,
01-16-2017,82.395,82.242,82.053,81.704,
01-13-2017,83.461,82.867,83.033,82.675,
01-12-2017,83.73,83.333,82.859,82.717,
01-11-2017,83.731,83.257,83.422,82.467,
01-10-2017,83.243,82.824,83.202,82.491,
01-09-2017,83.633,83.606,82.827,82.624,
01-06-2017,84.376,84.107,83.693,83.614,
01-05-2017,84.257,83.656,84.129,83.294,
01-04-2017,83.864,83.534,83.648,83.382,
01-03-2017,84.078,83.643,83.544,83.415,
01-02-2017,84.002,83.882,83.651,83.596,
12-30-2016,84.121,83.306,83.846,83.191,
12-29-2016,83.655,83.428,83.309,83.034,
12-28-2016,83.927,83.398,83.418,83.231,
12-27-2016,83.562,83.223,83.415,83.073,
12-26-2016,83.442,83.231,83.266,83.102,
12-23-2016,83.545,83.327,83.388,82.912,
12-22-2016,84.028,83.788,83.334,83.278,
12-21-2016,84.239,84.02,83.805,83.622,
12-20-2016,84.284,84.126,83.972,83.795,
12-19-2016,84.833,84.772,84.126,83.792,
12-16-2016,84.928,84.326,84.799,83.999,
12-15-2016,85.213,84.757,84.272,84.028,
12-14-2016,85.888,85.35,84.779,84.543,
12-13-2016,85.976,85.488,85.328,85.275,
12-12-2016,85.573,84.82,85.475,84.692,
12-11-2016,84.965,84.844,84.965,84.844,
12-09-2016,85.24,85.029,84.853,84.725,
12-08-2016,85.59,85.12,85.013,84.626,
12-07-2016,86.027,85.876,85.14,84.954,
12-06-2016,86.9,86.596,85.882,85.713,
12-05-2016,86.909,86.573,86.62,85.868,
12-04-2016,86.614,86.614,86.285,86.285,
12-02-2016,86.716,85.947,86.593,85.79,
12-01-2016,86.74,85.79,85.909,85.478,
11-30-2016,85.902,85.714,85.789,84.989,
11-29-2016,85.954,85.135,85.701,84.978,
11-28-2016,86.032,85.453,85.144,84.993,
11-27-2016,85.491,85.491,85.424,85.424,
11-25-2016,85.66,85.611,85.487,84.966,
11-24-2016,85.934,85.584,85.624,85.225,
11-23-2016,85.835,84.965,85.556,84.684,
11-22-2016,85.373,85.257,84.975,84.671,
11-21-2016,85.35,84.186,85.24,83.846,
11-20-2016,84.204,84.162,84.204,84.162,
11-18-2016,84.796,84.478,84.184,83.727,
11-17-2016,84.803,84.591,84.462,84.237,
11-16-2016,84.841,84.431,84.607,84.25,
11-15-2016,84.945,84.653,84.437,83.839,
11-14-2016,85.198,85.056,84.674,84.335,
11-13-2016,85.143,85.143,84.955,84.955,
11-11-2016,85.372,83.978,85.142,83.771,
11-10-2016,84.15,82.493,83.95,82.296,
11-09-2016,83.996,81.98,82.519,81.834,
11-08-2016,83.037,82.685,81.992,81.853,
11-07-2016,83.674,83.555,82.751,82.605,
11-06-2016,83.172,83.172,83.172,83.172,
11-04-2016,83.855,83.056,83.618,83.007,
11-03-2016,83.429,82.104,83.076,82.078,
11-02-2016,82.423,81.603,82.136,81.539,
11-01-2016,81.946,81.577,81.655,81.399,
10-31-2016,81.756,81.307,81.649,81.064,
10-30-2016,81.432,81.432,81.432,81.432,
10-28-2016,81.615,81.308,81.37,80.852,
10-27-2016,82.059,81.868,81.344,81.22,
10-26-2016,81.923,81.405,81.881,81.16,
10-25-2016,81.849,81.772,81.423,80.732,
10-24-2016,81.914,81.768,81.811,81.479,
10-23-2016,81.951,81.951,81.811,81.811,
10-21-2016,82.02,81.867,81.89,81.424,
10-20-2016,82.056,81.836,81.88,81.531,
10-19-2016,82.238,82.015,81.891,81.651,
10-18-2016,82.253,81.33,82.061,81.288,
10-17-2016,81.526,81.29,81.372,80.969,
10-16-2016,81.326,81.326,81.202,81.202,
10-14-2016,81.899,81.858,81.309,81.15,
10-13-2016,82.035,81.526,81.856,81.142,
10-12-2016,82.31,80.991,81.561,80.853,
10-11-2016,82.323,82.179,81.02,80.763,
10-10-2016,82.939,82.773,82.204,82.029,
10-09-2016,82.818,82.818,82.818,82.818,
10-07-2016,84.21,84.119,82.813,78.817,
10-06-2016,84.982,84.827,84.131,84.016,
10-05-2016,84.977,84.76,84.869,84.424,
10-04-2016,85.584,85.438,84.78,84.528,
10-03-2016,86.18,86.097,85.462,85.253,
10-02-2016,86.277,86.277,86.142,86.142,
09-30-2016,86.705,86.623,86.366,86.184,
09-29-2016,87.204,86.333,86.653,86.286,
09-28-2016,86.665,86.459,86.38,86.247,
09-27-2016,86.656,86.404,86.499,85.972,
09-26-2016,86.756,86.393,86.433,86.086,
09-25-2016,86.512,86.512,86.512,86.512,
09-23-2016,87.262,87.096,86.542,86.021,
09-22-2016,87.454,86.961,87.142,86.906,
09-21-2016,87.369,86.987,86.947,86.685,
09-20-2016,87.519,87.228,87.004,86.698,
09-19-2016,87.654,87.138,87.271,87.118,
09-18-2016,87.258,87.231,87.258,87.231,
09-16-2016,88.62,88.476,87.208,87.133,
09-15-2016,88.921,88.367,88.509,88.152,
09-14-2016,88.656,88.538,88.406,87.865,
09-13-2016,89.162,88.969,88.588,88.263,
09-12-2016,89.18,88.723,89.016,88.588,
09-11-2016,88.788,88.788,88.587,88.587,
09-09-2016,88.971,88.552,88.75,88.342,
09-08-2016,88.87,88.668,88.592,88.239,
09-07-2016,89.105,89.034,88.689,88.411,
09-06-2016,89.179,88.345,89.077,88.285,
09-05-2016,88.953,88.748,88.435,88.272,
09-04-2016,88.515,88.515,88.515,88.515,
09-02-2016,89.026,88.612,88.791,88.491,
09-01-2016,89.188,87.976,88.632,87.886,
08-31-2016,88.146,87.812,87.989,87.546,
08-30-2016,88.061,87.959,87.839,87.581,
08-29-2016,88.26,88.151,87.939,87.692,
08-28-2016,88.207,88.207,88.207,88.207,
08-26-2016,88.832,88.374,88.191,87.991,
08-25-2016,89.042,88.8,88.401,88.227,
08-24-2016,89.133,88.527,88.882,88.34,
08-23-2016,88.62,88.237,88.588,88.149,
08-22-2016,88.498,87.619,88.297,87.445,
08-21-2016,87.749,87.749,87.749,87.749,
08-19-2016,88.115,88.008,87.785,87.382,
08-18-2016,88.075,87.222,88.001,87.078,
08-17-2016,87.57,87.212,87.245,86.878,
08-16-2016,87.282,86.074,87.239,86.059,
08-15-2016,86.62,86.322,86.107,85.984,
08-14-2016,86.438,86.438,86.324,86.324,
08-12-2016,87.108,86.462,86.465,86.225,
08-11-2016,87.07,86.842,86.476,86.408,
08-10-2016,87.439,86.79,86.868,86.6,
08-09-2016,87.201,87.094,86.823,86.502,
08-08-2016,87.516,87.248,87.117,86.994,
08-07-2016,87.369,87.369,87.369,87.369,
08-05-2016,87.991,87.567,87.379,86.997,
08-04-2016,89.38,88.947,87.611,87.528,
08-03-2016,89.555,89.04,88.987,88.795,
08-02-2016,89.131,87.976,89.071,87.89,
08-01-2016,88.582,88.145,87.983,87.793,
07-31-2016,88.152,88.152,88.152,88.152,
07-29-2016,88.789,88.204,88.158,87.944,
07-28-2016,88.862,88.643,88.224,87.868,
07-27-2016,88.776,88.386,88.676,87.8,
07-26-2016,88.751,88.533,88.403,87.938,
07-25-2016,88.636,88.029,88.587,87.949,
07-24-2016,88.061,88.061,88.061,88.061,
07-22-2016,89.229,88.837,88.042,87.714,
07-21-2016,89.204,88.683,88.868,88.379,
07-20-2016,88.857,88.085,88.723,87.748,
07-19-2016,89.138,88.97,88.111,87.812,
07-18-2016,89.406,88.362,88.999,88.328,
07-17-2016,88.575,88.575,88.575,88.575,
07-15-2016,90.236,89.162,88.575,87.979,
07-14-2016,90.191,88.053,89.185,87.782,
07-13-2016,89.555,88.682,88.106,87.973,
07-12-2016,89.158,87.192,88.695,87.07,
07-11-2016,87.453,86.926,87.238,86.251,
07-10-2016,86.929,86.929,86.929,86.929,
07-08-2016,87.553,87.103,86.986,86.747,
07-07-2016,87.966,87.142,87.132,86.756,
07-06-2016,87.864,87.773,87.168,86.384,
07-05-2016,89.433,89.375,87.82,87.605,
07-04-2016,89.75,89.02,89.405,88.859,
07-03-2016,89.117,89.117,89.117,89.117,
07-01-2016,90.117,89.827,89.107,88.94,
06-30-2016,91.152,90.52,89.854,89.116,
06-29-2016,91.387,90.318,90.52,89.992,
06-28-2016,91.106,89.756,90.345,89.616,
06-27-2016,92.092,92.061,89.834,89.119,
06-26-2016,92.846,92.846,92.846,92.846,
06-24-2016,101.049,100.029,92.867,90.02,
06-23-2016,100.519,99.169,100.105,99.125,
06-22-2016,99.576,99.02,99.201,98.795,
06-21-2016,99.809,99.271,99.054,98.712,
06-20-2016,99.448,96.255,99.292,96.255,
06-19-2016,97.552,96.301,97.552,96.301,
06-17-2016,96.544,95.586,96.301,95.441,
06-16-2016,95.928,95.258,95.603,94.429,
06-15-2016,95.436,94.949,95.288,94.797,
06-14-2016,95.901,95.868,94.993,94.838,
06-13-2016,96.15,95.433,95.889,94.706,
06-12-2016,95.488,95.488,95.488,95.488,
06-10-2016,96.685,96.49,95.46,94.874,
06-09-2016,96.838,96.404,96.522,96.316,
06-08-2016,97.267,96.906,96.438,96.383,
06-07-2016,97.975,96.437,96.948,96.382,
06-06-2016,97.317,97.222,96.451,96.093,
06-05-2016,97.314,97.314,97.314,97.314,
06-03-2016,97.698,96.999,97.283,96.763,
06-02-2016,97.479,97.184,97.02,96.878,
06-01-2016,97.784,97.284,97.212,97.004,
05-31-2016,98.85,98.31,97.305,97.163,
05-30-2016,98.548,97.877,98.331,97.864,
05-29-2016,97.994,97.994,97.994,97.994,
05-27-2016,98.553,98.153,98.033,97.723,
05-26-2016,99.241,98.876,98.188,97.933,
05-25-2016,99.139,98.955,98.864,98.368,
05-24-2016,99.155,97.608,98.983,97.54,
05-23-2016,98.019,97.748,97.639,97.427,
05-22-2016,98.209,98.209,98.209,98.209,
05-20-2016,98.59,98.509,97.749,97.57,
05-19-2016,98.938,97.99,98.537,97.795,
05-18-2016,98.113,96.6,98.018,96.386,
05-17-2016,96.907,96.214,96.651,96.188,
05-16-2016,96.35,95.903,96.262,95.656,
05-15-2016,96.099,96.099,96.099,96.099,
05-13-2016,96.521,96.442,96.017,95.862,
05-12-2016,96.853,96.14,96.463,96.006,
05-11-2016,96.584,96.2,96.168,95.951,
05-10-2016,96.407,96.148,96.242,95.964,
05-09-2016,96.252,96.073,96.169,95.559,
05-08-2016,96.105,96.105,96.105,96.105,
05-06-2016,96.899,96.368,96.107,95.92,
05-05-2016,96.793,96.534,96.412,96.076,
05-04-2016,96.964,96.728,96.555,96.29,
05-03-2016,97.952,97.322,96.736,96.566,
05-02-2016,97.583,97.024,97.344,96.805,
05-01-2016,97.084,97.084,97.084,97.084,
04-29-2016,97.545,96.977,97.07,96.832,
04-28-2016,97.157,96.469,97.012,96.295,
04-27-2016,97.263,96.802,96.511,96.307,
04-26-2016,97.308,96.552,96.83,96.475,
04-25-2016,96.787,96.056,96.573,96.023,
04-24-2016,96.031,96.031,96.031,96.031,
04-22-2016,96.2,95.205,96.007,95.128,
04-21-2016,95.7,94.807,95.233,94.706,
04-20-2016,95.428,95.182,94.838,94.761,
04-19-2016,95.655,94.782,95.213,94.735,
04-18-2016,95.034,94.764,94.803,94.177,
04-15-2016,94.709,94.247,94.624,94.127,
04-14-2016,94.531,94.424,94.261,93.917,
04-13-2016,95.003,94.591,94.445,94.35,
04-12-2016,95.395,94.365,94.618,94.253,
04-11-2016,94.787,93.967,94.4,93.666,
04-08-2016,94.281,93.806,94.013,93.528,
04-07-2016,94.166,93.888,93.837,93.356,
04-06-2016,94.403,94.033,93.929,93.348,
04-05-2016,94.584,94.26,94.06,93.714,
04-04-2016,94.649,94.344,94.287,93.825,
04-01-2016,95.381,95.128,94.415,94.002,
03-31-2016,95.596,95.414,95.152,94.883,
03-30-2016,95.978,95.42,95.448,95.272,
03-29-2016,95.706,94.915,95.481,94.454,
03-28-2016,95.039,94.395,94.943,94.156,
03-25-2016,94.745,94.685,94.517,94.21,
03-24-2016,94.899,94.445,94.709,93.971,
03-23-2016,95.005,94.812,94.486,94.11,
03-22-2016,95.847,95.519,94.846,94.552,
03-21-2016,96.162,96.102,95.543,95.427,
03-18-2016,96.581,96.444,96.127,95.923,
03-17-2016,96.618,95.754,96.459,94.983,
03-16-2016,95.886,95.297,95.785,94.582,
03-15-2016,96.084,95.993,95.352,95.164,
03-14-2016,96.503,96.305,96.011,95.903,
03-11-2016,96.7,96.088,96.282,95.534,
03-10-2016,96.299,95.416,96.119,94.45,
03-09-2016,95.796,95.649,95.457,95.15,
03-08-2016,96.213,95.539,95.683,95.422,
03-07-2016,95.648,95.318,95.563,94.823,
03-04-2016,95.401,95.145,95.236,94.535,
03-03-2016,95.423,94.852,95.159,94.482,
03-02-2016,95.062,94.475,94.88,94.058,
03-01-2016,95.304,94.905,94.506,94.117,
02-29-2016,95.434,95.311,94.918,94.54,
02-26-2016,96.549,95.986,95.342,95.219,
02-25-2016,96.376,95.263,96.02,95.164,
02-24-2016,96.233,96.115,95.305,95.064,
02-23-2016,97.156,96.946,96.139,96.001,
02-22-2016,98.905,98.877,96.974,96.326,
02-19-2016,98.776,98.206,98.75,97.628,
02-18-2016,98.637,97.655,98.265,97.533,
02-17-2016,98.19,97.91,97.686,97.441,
02-16-2016,99.293,98.333,97.954,97.645,
02-15-2016,99.114,98.767,98.348,98.19,
02-12-2016,99.422,98.519,98.822,98.155,
02-11-2016,99.202,98.519,99.125,98.155,
02-10-2016,98.935,98.231,98.547,97.994,
02-09-2016,98.568,98.145,98.266,97.693,
02-08-2016,98.684,98.31,98.186,97.593,
02-05-2016,98.714,98.519,98.341,97.816,
02-04-2016,99.334,99.17,98.541,98.183,
02-03-2016,99.544,97.931,99.212,97.863,
02-02-2016,98.248,97.885,97.956,97.345,
02-01-2016,98.121,96.637,97.906,96.435,
01-29-2016,97.926,97.689,96.709,96.003,
01-28-2016,98.16,96.954,97.737,96.925,
01-27-2016,97.642,97.178,96.993,96.808,
01-26-2016,97.356,96.517,97.219,96.1,
01-25-2016,96.831,96.407,96.544,96.236,
01-22-2016,97.072,96.383,96.362,96.182,
01-21-2016,96.706,96.418,96.415,95.58,
01-20-2016,96.639,95.863,96.439,95.751,
01-19-2016,97.003,96.343,95.87,95.616,
01-18-2016,96.895,96.649,96.37,96.288,
01-15-2016,97.344,97.001,96.633,96.54,
01-14-2016,97.445,96.387,97.029,96.341,
01-13-2016,96.748,96.676,96.408,96.073,
01-12-2016,97.345,97.041,96.72,95.873,
01-11-2016,97.548,97.079,97.083,96.93,
01-08-2016,97.928,97.74,97.059,96.908,
01-07-2016,97.982,97.552,97.779,96.934,
01-06-2016,98.003,97.519,97.56,97.391,
01-05-2016,98.082,97.93,97.561,97.364,
01-04-2016,98.619,97.655,97.988,97.29,
01-01-2016,97.936,97.537,97.683,97.514,
12-31-2015,98.564,98.448,97.584,97.465,
12-30-2015,98.664,98.086,98.493,98.058,
12-29-2015,98.966,98.371,98.108,97.946,
12-28-2015,98.834,98.423,98.392,98.295,
12-25-2015,98.681,98.339,98.596,98.177,
12-24-2015,98.662,98.176,98.359,98.138,
12-23-2015,98.609,98.205,98.21,98.038,
12-22-2015,98.875,98.553,98.207,97.983,
12-21-2015,99.048,98.766,98.618,98.462,
12-18-2015,99.349,98.952,98.684,98.565,
12-17-2015,99.827,99.692,98.971,98.528,
12-16-2015,100.816,100.507,99.737,99.499,
12-15-2015,101.915,101.57,100.555,100.38,
12-14-2015,102.28,102.151,101.593,101.32,
12-11-2015,102.335,101.181,102.183,101.005,
12-10-2015,101.654,101.431,101.196,100.828,
12-09-2015,101.644,100.318,101.493,100.12,
12-08-2015,100.637,100.504,100.34,99.899,
12-07-2015,100.849,100.683,100.513,100.333,
12-04-2015,101.359,101.125,100.714,100.534,
12-03-2015,101.303,99.531,101.147,99.367,
12-02-2015,100.503,100.165,99.563,99.117,
12-01-2015,100.649,100.037,100.189,100.004,
11-30-2015,100.616,100.442,100.069,99.832,
11-27-2015,100.981,100.492,100.612,100.212,
11-26-2015,100.79,100.386,100.537,100.263,
11-25-2015,100.431,99.882,100.401,99.857,
11-24-2015,100.641,100.388,99.969,99.809,
11-23-2015,100.762,100.3,100.42,100.141,
11-20-2015,101.354,101.03,100.352,100.261,
11-19-2015,101.353,100.585,101.055,100.56,
11-18-2015,101.012,100.335,100.614,100.328,
11-17-2015,100.573,100.124,100.387,99.981,
11-16-2015,100.782,100.739,100.139,100.087,
11-13-2015,100.953,100.586,100.631,100.427,
11-12-2015,100.731,100.45,100.608,100.161,
11-11-2015,100.641,100.053,100.509,100.026,
11-10-2015,100.544,100.442,100.075,99.934,
11-09-2015,100.55,99.506,100.477,99.446,
11-06-2015,100.249,100.118,99.537,99.013,
11-05-2015,101.263,100.911,100.147,100.099,
11-04-2015,101.285,101.079,100.953,100.382,
11-03-2015,101.384,101.048,101.124,100.875,
11-02-2015,101.711,101.002,101.073,100.807,
10-30-2015,101.193,100.181,100.941,99.822,
10-29-2015,100.257,99.104,100.206,99.084,
10-28-2015,99.748,99.574,99.126,99.021,
10-27-2015,99.818,99.631,99.596,99.284,
10-26-2015,99.824,99.316,99.653,99.291,
10-23-2015,100.231,99.831,99.376,99.283,
10-22-2015,100.936,100.413,99.849,99.749,
10-21-2015,100.933,100.382,100.451,100.317,
10-20-2015,100.735,100.356,100.404,100.231,
10-19-2015,100.483,99.841,100.378,99.788,
10-16-2015,100.619,100.081,99.873,99.784,
10-15-2015,100.531,100.15,100.129,99.85,
10-14-2015,100.444,99.227,100.195,99.211,
10-13-2015,100.053,99.426,99.249,98.89,
10-12-2015,99.649,99.208,99.428,99.156,
10-09-2015,99.8,99.455,99.139,99.026,
10-08-2015,100.104,99.383,99.49,99.225,
10-07-2015,99.751,99.137,99.427,99.094,
10-06-2015,99.416,98.617,99.168,98.589,
10-05-2015,99.561,99.188,98.649,98.497,
10-02-2015,99.808,99.271,99.237,99.097,
10-01-2015,99.534,99.103,99.303,98.975,
09-30-2015,99.962,99.707,99.12,98.924,
09-29-2015,100.766,100.519,99.751,99.681,
09-28-2015,100.739,100.418,100.551,100.168,
09-25-2015,100.996,100.736,100.459,100.067,
09-24-2015,101.4,100.849,100.758,100.589,
09-23-2015,101.487,101.222,100.901,100.384,
09-22-2015,102.025,101.819,101.276,101.059,
09-21-2015,102.477,102.298,101.871,101.623,
09-18-2015,103.178,102.976,102.306,102.037,
09-17-2015,103.297,102.544,103.012,102.464,
09-16-2015,103.186,101.914,102.592,101.746,
09-15-2015,102.705,102.186,101.943,101.728,
09-14-2015,102.728,102.128,102.215,101.957,
09-11-2015,102.713,102.35,102.207,102.12,
09-10-2015,102.915,102.345,102.402,102.021,
09-09-2015,102.417,102.044,102.357,101.827,
09-08-2015,102.628,102.146,102.066,101.897,
09-07-2015,102.293,101.2,102.134,101.134,
09-04-2015,101.607,100.821,101.172,100.744,
09-03-2015,101.528,101.247,100.852,100.554,
09-02-2015,101.767,101.564,101.296,100.979,
09-01-2015,102.38,101.874,101.589,101.389,
08-31-2015,102.556,101.81,101.896,101.678,
08-28-2015,102.156,101.569,101.822,101.386,
08-27-2015,102.486,102.02,101.591,101.368,
08-26-2015,104.287,103.952,102.035,101.977,
08-25-2015,105.49,105.377,103.984,103.598,
08-24-2015,105.566,103.651,105.399,103.387,
08-21-2015,103.772,102.616,103.653,102.581,
08-20-2015,102.927,102.056,102.651,101.961,
08-19-2015,102.621,102.459,102.089,101.839,
08-18-2015,102.764,101.934,102.507,101.635,
08-17-2015,102.351,101.845,101.983,101.799,
08-14-2015,102.067,101.747,101.877,101.428,
08-13-2015,102.005,101.203,101.791,100.933,
08-12-2015,101.513,100.137,101.268,99.993,
08-11-2015,100.346,99.381,100.185,99.23,
08-10-2015,99.617,98.7,99.431,98.557,
08-07-2015,99.207,98.805,98.774,98.434,
08-06-2015,99.769,99.343,98.846,98.551,
08-05-2015,99.752,99.254,99.375,99.107,
08-04-2015,100.054,100.01,99.297,99.087,
08-03-2015,100.201,99.953,100.036,99.648,
07-31-2015,100.613,100.033,99.975,99.594,
07-30-2015,100.239,99.566,100.065,99.482,
07-29-2015,100.24,99.569,99.59,99.493,
07-28-2015,99.996,99.904,99.607,99.357,
07-27-2015,100.217,99.4,99.889,99.229,
07-24-2015,99.487,99.133,99.454,98.832,
07-23-2015,99.774,99.244,99.165,98.891,
07-22-2015,99.577,98.9,99.26,98.691,
07-21-2015,99.292,98.965,98.925,98.702,
07-20-2015,99.322,99.036,98.996,98.778,
07-17-2015,99.527,99.018,99.104,98.598,
07-16-2015,99.381,99.29,99.062,98.762,
07-15-2015,99.385,98.905,99.306,98.888,
07-14-2015,99.076,98.237,98.947,98.03,
07-13-2015,98.994,98.082,98.274,98.082,
07-10-2015,98.596,97.349,98.367,97.335,
07-09-2015,97.966,97.458,97.383,97.113,
07-08-2015,98.375,98.112,97.493,97.259,
07-07-2015,98.948,98.676,98.143,97.867,
07-06-2015,99.194,98.481,98.733,98.449,
07-03-2015,99.343,98.775,98.734,98.621,
07-02-2015,99.417,99.205,98.803,98.657,
07-01-2015,100.103,99.893,99.252,99.104,
06-30-2015,100.415,100.241,99.918,99.795,
06-29-2015,100.66,99.632,100.266,99.482,
06-26-2015,100.278,99.994,99.951,99.819,
06-25-2015,100.239,99.733,100.019,99.629,
06-24-2015,100.621,100.031,99.774,99.512,
06-23-2015,100.621,100.491,100.05,99.831,
06-22-2015,101.054,100.778,100.526,100.28,
06-19-2015,101.338,100.938,100.863,100.557,
06-18-2015,101.626,101.313,100.966,100.779,
06-17-2015,101.447,100.378,101.345,100.188,
06-16-2015,100.566,99.95,100.41,99.721,
06-15-2015,100.03,99.71,99.978,99.238,
06-12-2015,99.955,99.198,99.729,99.131,
06-11-2015,99.424,98.988,99.252,98.599,
06-10-2015,99.264,98.458,99.032,98.232,
06-09-2015,98.583,98.13,98.486,97.549,
06-08-2015,98.274,97.291,98.161,97.163,
06-05-2015,98.391,98.233,97.386,96.838,
06-04-2015,99.002,98.13,98.284,98.047,
06-03-2015,98.367,97.697,98.18,97.476,
06-02-2015,97.949,96.647,97.725,96.585,
06-01-2015,97.654,97.454,96.669,96.473,
05-29-2015,97.988,97.631,97.466,97.117,
05-28-2015,98.278,97.984,97.662,97.334,
05-27-2015,98.888,98.393,98.006,97.803,
05-26-2015,98.706,98.181,98.418,98.115,
05-25-2015,98.7,98.267,98.231,98.103,
05-22-2015,99.781,99.55,98.346,98.098,
05-21-2015,99.953,98.805,99.578,98.682,
05-20-2015,99.308,98.862,98.816,98.609,
05-19-2015,99.859,99.695,98.897,98.392,
05-18-2015,100.059,99.752,99.719,99.471,
05-15-2015,100.37,99.965,99.746,99.642,
05-14-2015,100.978,100.761,99.996,99.877,
05-13-2015,100.843,100.464,100.792,99.989,
05-12-2015,100.975,99.733,100.524,99.639,
05-11-2015,99.828,98.388,99.761,98.23,
05-08-2015,99.465,97.657,98.475,97.642,
05-07-2015,97.981,96.963,97.682,96.933,
05-06-2015,97.162,96.16,96.984,96.04,
05-05-2015,96.422,96.001,96.21,95.712,
05-04-2015,96.657,96.462,96.038,95.919,
05-01-2015,97.776,97.496,96.477,96.158,
04-30-2015,98.59,97.941,97.524,97.253,
04-29-2015,98.189,96.696,97.969,96.6,
04-28-2015,96.803,96.506,96.712,96.043,
04-27-2015,96.776,96.541,96.53,95.906,
04-24-2015,96.706,95.236,96.693,94.978,
04-23-2015,95.351,94.663,95.286,94.475,
04-22-2015,94.951,93.77,94.701,93.639,
04-21-2015,94.206,94.079,93.816,93.275,
04-20-2015,94.204,93.542,94.116,93.385,
04-17-2015,93.883,93.031,93.584,92.955,
04-16-2015,93.314,92.515,93.073,92.369,
04-15-2015,92.634,91.992,92.555,91.736,
04-14-2015,92.216,91.536,92.032,91.037,
04-13-2015,91.661,91.107,91.588,90.851,
04-10-2015,91.888,91.632,91.118,90.901,
04-09-2015,92.695,92.434,91.68,91.408,
04-08-2015,93.154,92.202,92.465,92.195,
04-07-2015,93.02,92.531,92.245,92.103,
04-06-2015,93.168,92.361,92.567,92.293,
04-03-2015,92.718,91.999,92.451,91.972,
04-02-2015,92.536,92.085,92.036,91.889,
04-01-2015,92.782,92.27,92.112,91.848,
03-31-2015,92.829,92.537,92.303,92.257,
03-30-2015,93.212,93,92.587,92.286,
03-27-2015,93.419,93.284,93.019,92.61,
03-26-2015,94.093,92.848,93.311,92.83,
03-25-2015,93.231,92.572,92.873,92.33,
03-24-2015,93.282,93.011,92.596,92.497,
03-23-2015,93.556,93.387,93.049,92.472,
03-20-2015,93.553,92.164,93.309,92.014,
03-19-2015,94.136,93.886,92.189,91.752,
03-18-2015,94.986,92.321,93.913,91.711,
03-17-2015,93.204,93.067,92.338,92.216,
03-16-2015,93.266,92.991,93.094,92.699,
03-13-2015,93.504,93.06,93.02,92.643,
03-12-2015,93.903,93.692,93.078,92.706,
03-11-2015,94.792,94.473,93.726,93.446,
03-10-2015,94.81,94.737,94.519,94.257,
03-09-2015,94.856,93.912,94.755,93.791,
03-06-2015,95.251,95.041,93.924,93.844,
03-05-2015,95.178,95.087,95.075,94.672,
03-04-2015,95.615,94.932,95.108,94.662,
03-03-2015,95.28,95.018,94.96,94.853,
03-02-2015,95.617,95.155,95.045,94.93,
02-27-2015,95.571,95.068,95.167,95.006,
02-26-2015,96.394,96.037,95.102,94.994,
02-25-2015,96.392,96.056,96.062,95.777,
02-24-2015,96.356,96.038,96.081,95.768,
02-23-2015,96.203,95.589,96.078,95.42,
02-20-2015,96.123,95.745,95.651,95.452,
02-19-2015,96.034,95.751,95.773,95.552,
02-18-2015,96.28,95.408,95.785,95.266,
02-17-2015,95.834,95.384,95.435,95.146,
02-16-2015,96.089,95.563,95.415,95.223,
02-13-2015,95.863,95.583,95.594,95.418,
02-12-2015,95.826,95.005,95.614,94.638,
02-11-2015,95.419,95.046,95.058,94.652,
02-10-2015,95.206,94.531,95.074,94.315,
02-09-2015,94.943,94.574,94.562,94.254,
02-06-2015,94.773,94.571,94.476,94.124,
02-05-2015,94.737,93.842,94.584,93.704,
02-04-2015,94.281,93.401,93.892,93.238,
02-03-2015,93.62,92.798,93.419,92.515,
02-02-2015,93.656,93.536,92.826,92.554,
01-30-2015,93.594,93.088,93.455,92.93,
01-29-2015,93.707,92.83,93.115,92.818,
01-28-2015,93.479,93.296,92.868,92.787,
01-27-2015,93.417,92.677,93.325,92.441,
01-26-2015,92.856,92.053,92.715,91.979,
01-23-2015,92.576,92.434,92.096,91.811,
01-22-2015,93.758,93.193,92.469,92.194,
01-21-2015,93.572,93.357,93.221,92.824,
01-20-2015,93.808,93.123,93.376,92.784,
01-19-2015,93.869,93.831,93.161,93.08,
01-16-2015,94.518,94.219,93.736,93.249,
01-15-2015,94.753,94.582,94.277,93.493,
01-14-2015,94.809,93.94,94.586,93.835,
01-13-2015,94.355,94.153,93.956,93.579,
01-12-2015,94.739,94.658,94.184,93.874,
01-09-2015,94.681,94.55,94.534,93.996,
01-08-2015,95.668,95.595,94.573,94.173,
01-07-2015,96.346,96.309,95.619,95.285,
01-06-2015,96.857,96.574,96.326,96.239,
01-05-2015,97.053,96.999,96.598,96.24,
01-02-2015,98.764,98.712,97,96.961,
01-01-2015,98.715,98.169,98.489,98.163,
12-31-2014,98.741,98.6,98.177,98.031,
12-30-2014,99.004,98.764,98.62,98.345,
12-29-2014,99.251,98.927,98.781,98.713,
12-26-2014,99.111,98.683,98.881,98.683,
12-25-2014,98.881,98.804,98.697,98.62,
12-24-2014,98.881,98.443,98.834,98.297,
12-23-2014,99.069,98.768,98.475,98.059,
12-22-2014,98.862,98.838,98.862,98.838,
12-19-2014,99.169,98.677,98.862,98.557,
12-18-2014,99.067,98.912,98.706,98.26,
12-17-2014,100.473,100.222,98.94,98.721,
12-16-2014,100.491,98.765,100.255,98.144,
12-15-2014,99.03,98.267,98.79,97.817,
12-12-2014,98.399,98.272,98.292,97.729,
12-11-2014,98.315,97.592,98.291,97.396,
12-10-2014,97.635,96.944,97.617,96.698,
12-09-2014,97.269,96.753,96.972,96.58,
12-08-2014,96.954,96.476,96.774,96.236,
12-05-2014,97.11,96.814,96.49,96.364,
12-04-2014,97.239,97.009,96.844,96.758,
12-03-2014,97.242,96.615,97.038,96.584,
12-02-2014,97.582,97.427,96.623,96.587,
12-01-2014,97.735,97.323,97.455,96.705,
11-28-2014,97.711,97.301,97.349,96.978,
11-27-2014,97.917,97.557,97.34,97.183,
11-26-2014,97.727,97.154,97.587,96.97,
11-25-2014,97.413,97.148,97.177,96.835,
11-24-2014,97.214,96.702,97.154,96.507,
11-21-2014,97.318,97.159,96.7,96.584,
11-20-2014,97.536,97.112,97.196,96.956,
11-19-2014,97.384,96.454,97.142,96.251,
11-18-2014,96.884,96.68,96.498,96.442,
11-17-2014,97.121,96.679,96.708,96.316,
11-14-2014,96.977,96.752,96.704,96.251,
11-13-2014,97.198,96.82,96.78,96.584,
11-12-2014,98.076,97.91,96.859,96.789,
11-11-2014,98.086,97.368,97.926,97.35,
11-10-2014,97.906,97.627,97.404,97.356,
11-07-2014,97.746,97.339,97.654,97.205,
11-06-2014,98.309,98.118,97.364,97.288,
11-05-2014,98.386,98.214,98.151,97.511,
11-04-2014,98.359,98.078,98.254,97.885,
11-03-2014,98.379,98.071,98.1,97.764,
10-31-2014,98.415,98.274,98.233,97.958,
10-30-2014,98.552,98.114,98.307,97.813,
10-29-2014,99.121,98.684,98.132,98.04,
10-28-2014,99.099,98.799,98.7,98.561,
10-27-2014,98.969,98.449,98.827,98.327,
10-24-2014,98.486,98.027,98.425,97.948,
10-23-2014,98.281,98.196,98.061,97.813,
10-22-2014,98.787,98.482,98.229,97.985,
10-21-2014,99.226,98.944,98.522,98.476,
10-20-2014,99.09,98.65,98.987,98.471,
10-17-2014,99.649,99.474,98.763,98.652,
10-16-2014,99.544,98.321,99.488,98.029,
10-15-2014,98.64,97.608,98.34,97.212,
10-14-2014,98.291,98.104,97.654,97.571,
10-13-2014,98.841,98.492,98.135,97.891,
10-10-2014,98.688,98.384,98.531,98.069,
10-09-2014,99.34,99.191,98.417,98.148,
10-08-2014,99.292,98.64,99.207,98.383,
10-07-2014,99.024,98.954,98.673,98.381,
10-06-2014,99.087,98.191,98.989,98.093,
10-03-2014,99.459,99.336,98.254,98.148,
10-02-2014,100.201,99.871,99.356,99.133,
10-01-2014,100.467,100.393,99.908,99.626,
09-30-2014,100.516,99.943,100.427,99.76,
09-29-2014,100.257,99.316,99.983,99.139,
09-26-2014,100.513,100.072,99.343,99.261,
09-25-2014,100.242,99.554,100.084,99.328,
09-24-2014,100.188,100.032,99.581,99.499,
09-23-2014,100.182,99.681,100.06,99.351,
09-22-2014,99.761,99.106,99.712,99.106,
09-19-2014,100.465,99.583,99.129,99.068,
09-18-2014,99.931,99.115,99.623,98.926,
09-17-2014,99.684,99.373,99.142,98.944,
09-16-2014,99.602,99.171,99.388,98.734,
09-15-2014,99.41,98.678,99.189,98.429,
09-12-2014,99.192,99.021,98.677,98.271,
09-11-2014,99.133,98.757,99.041,98.457,
09-10-2014,98.893,97.596,98.782,97.56,
09-09-2014,97.849,97.043,97.614,96.79,
09-08-2014,98.064,97.832,97.076,97.001,
09-05-2014,98.768,98.566,98.607,98.282,
09-04-2014,99.612,99.552,98.583,98.542,
09-03-2014,99.976,99.934,99.582,99.376,
09-02-2014,100.641,100.514,99.951,99.91,
09-01-2014,100.683,100.396,100.525,100.213,
08-29-2014,100.571,100.331,100.454,100.202,
08-28-2014,100.665,100.196,100.349,100.16,
08-27-2014,100.394,99.951,100.213,99.915,
08-26-2014,100.488,100.399,99.959,99.933,
08-25-2014,100.545,100.184,100.416,99.918,
08-22-2014,100.617,100.573,100.204,100.083,
08-21-2014,100.864,100.582,100.596,100.394,
08-20-2014,101.206,100.803,100.594,100.54,
08-19-2014,101.662,101.648,100.823,100.767,
08-18-2014,101.752,101.605,101.673,101.538,
08-15-2014,101.635,101.378,101.482,101.338,
08-14-2014,101.975,101.93,101.398,101.317,
08-13-2014,103.221,102.682,101.956,101.912,
08-12-2014,102.73,102.68,102.706,102.407,
08-11-2014,102.834,102.605,102.695,102.373,
08-08-2014,103.772,103.079,102.561,102.495,
08-07-2014,103.68,103.619,103.09,102.978,
08-06-2014,103.686,102.737,103.656,102.621,
08-05-2014,102.891,102.757,102.751,102.243,
08-04-2014,103.05,102.932,102.772,102.402,
08-01-2014,103.234,102.239,102.966,102.148,
07-31-2014,102.308,101.579,102.254,101.513,
07-30-2014,102.113,101.853,101.596,101.423,
07-29-2014,102.216,102.028,101.887,101.781,
07-28-2014,102.242,101.902,102.057,101.902,
07-25-2014,102.285,102.097,101.948,101.786,
07-24-2014,102.459,102.267,102.131,102.005,
07-23-2014,102.852,102.538,102.296,102.032,
07-22-2014,102.939,102.866,102.566,102.402,
07-21-2014,103.1,103.025,102.871,102.745,
07-18-2014,103.36,102.902,103.015,102.681,
07-17-2014,103.198,103.022,102.919,102.797,
07-16-2014,103.299,103.052,103.037,102.877,
07-15-2014,103.373,102.686,103.073,102.45,
07-14-2014,103.066,102.833,102.721,102.507,
07-11-2014,103.352,103.111,102.91,102.608,
07-10-2014,103.205,102.507,103.126,102.119,
07-09-2014,102.701,102.335,102.542,102.1,
07-08-2014,102.816,102.647,102.369,101.966,
07-07-2014,102.992,102.48,102.688,102.318,
07-04-2014,102.722,102.463,102.486,102.286,
07-03-2014,102.613,102.454,102.481,102.115,
07-02-2014,103.084,102.965,102.465,102.278,
07-01-2014,103.111,102.713,103.003,102.655,
06-30-2014,102.845,102.159,102.736,102.133,
06-27-2014,102.609,102.476,102.286,102.116,
06-26-2014,102.597,102.017,102.523,101.932,
06-25-2014,102.532,102.159,102.046,101.933,
06-24-2014,102.459,102.409,102.185,102.002,
06-23-2014,102.669,102.344,102.438,102.204,
06-20-2014,102.898,102.387,102.373,102.302,
06-19-2014,102.532,102.43,102.392,101.703,
