06-19-2019,0.6456,0.6411,0.6443,0.6408
06-18-2019,0.6462,0.6433,0.6411,0.6404
06-17-2019,0.6455,0.6416,0.6433,0.6416
06-16-2019,0.6416,0.6416,0.6416,0.6416
06-14-2019,0.6454,0.6422,0.6432,0.6418
06-13-2019,0.6425,0.6395,0.6422,0.6392
06-12-2019,0.641,0.6397,0.6396,0.639
06-11-2019,0.6415,0.6415,0.6397,0.6381
06-10-2019,0.6418,0.6411,0.6415,0.6392
06-09-2019,0.6411,0.6411,0.6411,0.6411
06-07-2019,0.6442,0.6376,0.6415,0.6369
06-06-2019,0.6421,0.6407,0.6376,0.6375
06-05-2019,0.6431,0.6401,0.6407,0.6388
06-04-2019,0.6424,0.6404,0.6401,0.6391
06-03-2019,0.6437,0.6415,0.6404,0.6379
06-02-2019,0.6415,0.6415,0.6415,0.6415
05-31-2019,0.6431,0.6384,0.6425,0.638
05-30-2019,0.6385,0.6374,0.6384,0.6351
05-29-2019,0.641,0.6365,0.6374,0.6352
05-28-2019,0.6382,0.6346,0.6365,0.6339
05-27-2019,0.636,0.6353,0.6346,0.6336
05-26-2019,0.6353,0.6353,0.6353,0.6353
05-24-2019,0.6372,0.6358,0.6349,0.6334
05-23-2019,0.6367,0.6319,0.6358,0.6288
05-22-2019,0.6325,0.63,0.6319,0.6298
05-21-2019,0.634,0.6324,0.63,0.629
05-20-2019,0.6386,0.6386,0.6324,0.6306
05-19-2019,0.6386,0.6386,0.6386,0.6386
05-17-2019,0.6412,0.6393,0.6386,0.638
05-16-2019,0.6425,0.6414,0.6393,0.6374
05-15-2019,0.6447,0.6412,0.6414,0.6396
05-14-2019,0.6471,0.6471,0.6412,0.6406
05-13-2019,0.6478,0.6364,0.6471,0.6364
05-12-2019,0.6364,0.6364,0.6364,0.6364
05-10-2019,0.64,0.6393,0.6367,0.6351
05-09-2019,0.6418,0.6338,0.6393,0.6334
05-08-2019,0.6339,0.6313,0.6338,0.6304
05-07-2019,0.6323,0.6264,0.6313,0.6255
05-06-2019,0.628,0.6221,0.6264,0.6221
05-05-2019,0.6221,0.6221,0.6221,0.6221
05-03-2019,0.6231,0.6225,0.6221,0.6201
05-02-2019,0.6255,0.6255,0.6225,0.6214
05-01-2019,0.6261,0.6254,0.6255,0.624
04-30-2019,0.6277,0.6252,0.6254,0.6243
04-29-2019,0.6265,0.6251,0.6252,0.6235
04-28-2019,0.6251,0.6251,0.6251,0.6251
04-26-2019,0.6291,0.6286,0.6262,0.6248
04-25-2019,0.6302,0.6235,0.6286,0.623
04-24-2019,0.6266,0.6236,0.6235,0.6224
04-23-2019,0.6244,0.6226,0.6236,0.6187
04-22-2019,0.6227,0.62,0.6226,0.6196
04-21-2019,0.62,0.62,0.62,0.62
04-19-2019,0.6205,0.6201,0.62,0.6196
04-18-2019,0.6222,0.6196,0.6201,0.6195
04-17-2019,0.6216,0.6208,0.6196,0.6194
04-16-2019,0.623,0.6199,0.6208,0.6197
04-15-2019,0.6204,0.6175,0.6199,0.6175
04-14-2019,0.6175,0.6175,0.6175,0.6175
04-12-2019,0.6206,0.6183,0.6181,0.6173
04-11-2019,0.6232,0.623,0.6183,0.6175
04-10-2019,0.6241,0.6235,0.623,0.6215
04-09-2019,0.6256,0.624,0.6235,0.6221
04-08-2019,0.6257,0.6198,0.624,0.6198
04-07-2019,0.6198,0.6198,0.6198,0.6198
04-05-2019,0.6206,0.6178,0.6198,0.617
04-04-2019,0.621,0.6144,0.6178,0.6138
04-03-2019,0.6197,0.6192,0.6144,0.6133
04-02-2019,0.6229,0.6211,0.6192,0.6171
04-01-2019,0.6252,0.6246,0.6211,0.6209
03-31-2019,0.6246,0.6246,0.6246,0.6246
03-29-2019,0.626,0.6255,0.6242,0.6229
03-28-2019,0.6289,0.6254,0.6255,0.6246
03-27-2019,0.6271,0.624,0.6254,0.6223
03-26-2019,0.6267,0.6263,0.624,0.6231
03-25-2019,0.6276,0.6254,0.6263,0.6243
03-24-2019,0.6254,0.6254,0.6254,0.6254
03-22-2019,0.6295,0.6211,0.6293,0.6186
03-21-2019,0.6223,0.6215,0.6211,0.6191
03-20-2019,0.6222,0.6195,0.6215,0.6161
03-19-2019,0.6206,0.6161,0.6195,0.6144
03-18-2019,0.6188,0.6188,0.6161,0.6137
03-17-2019,0.6188,0.6188,0.6188,0.6188
03-15-2019,0.6216,0.6207,0.6189,0.6178
03-14-2019,0.6258,0.6254,0.6207,0.62
03-13-2019,0.6274,0.6254,0.6255,0.6235
03-12-2019,0.6272,0.6269,0.6254,0.624
03-11-2019,0.6303,0.6303,0.6269,0.6268
03-10-2019,0.6303,0.6303,0.6303,0.6303
03-08-2019,0.6328,0.628,0.6298,0.628
03-07-2019,0.629,0.6278,0.628,0.6255
03-06-2019,0.6324,0.6301,0.6278,0.6266
03-05-2019,0.6345,0.6343,0.6301,0.6293
03-04-2019,0.6354,0.6351,0.6343,0.6324
03-03-2019,0.6351,0.6351,0.6351,0.6351
03-01-2019,0.636,0.636,0.6344,0.6327
02-28-2019,0.6435,0.6422,0.636,0.6353
02-27-2019,0.6473,0.6424,0.6422,0.6405
02-26-2019,0.6439,0.6377,0.6424,0.6376
02-25-2019,0.6426,0.6425,0.6377,0.6368
02-24-2019,0.6425,0.6425,0.6425,0.6425
02-22-2019,0.6435,0.6431,0.6418,0.6414
02-21-2019,0.6435,0.6417,0.6431,0.6402
02-20-2019,0.645,0.6448,0.6417,0.64
02-19-2019,0.6472,0.6454,0.6448,0.644
02-18-2019,0.6466,0.6456,0.6454,0.6449
02-17-2019,0.6456,0.6456,0.6456,0.6456
02-15-2019,0.648,0.6427,0.6462,0.6425
02-14-2019,0.6441,0.6388,0.6427,0.6375
02-13-2019,0.6405,0.6385,0.6388,0.6361
02-12-2019,0.6454,0.6443,0.6385,0.638
02-11-2019,0.6488,0.6488,0.6443,0.6434
02-10-2019,0.6488,0.6488,0.6488,0.6488
02-08-2019,0.6507,0.6496,0.6489,0.6465
02-07-2019,0.653,0.6506,0.6496,0.6485
02-06-2019,0.6542,0.6505,0.6506,0.65
02-05-2019,0.6539,0.6521,0.6505,0.6501
02-04-2019,0.654,0.6524,0.652,0.6512
02-03-2019,0.6524,0.6524,0.6524,0.6524
02-01-2019,0.6556,0.6519,0.6522,0.6511
01-31-2019,0.6559,0.6535,0.6519,0.6498
01-30-2019,0.6547,0.6528,0.6535,0.6493
01-29-2019,0.6539,0.6508,0.6528,0.6495
01-28-2019,0.6519,0.6479,0.6508,0.6479
01-27-2019,0.6479,0.6479,0.6479,0.6479
01-25-2019,0.6489,0.6478,0.6483,0.6451
01-24-2019,0.6512,0.65,0.6478,0.6472
01-23-2019,0.6514,0.6514,0.65,0.648
01-22-2019,0.6535,0.649,0.6514,0.6489
01-21-2019,0.6507,0.6493,0.649,0.6488
01-20-2019,0.6493,0.6493,0.6493,0.6493
01-18-2019,0.6516,0.6508,0.649,0.6478
01-17-2019,0.6565,0.651,0.6508,0.6497
01-16-2019,0.6568,0.6546,0.651,0.6501
01-15-2019,0.6562,0.6538,0.6546,0.6515
01-14-2019,0.6568,0.6486,0.6538,0.6486
01-13-2019,0.6486,0.6486,0.6486,0.6486
01-11-2019,0.6518,0.6502,0.6487,0.6483
01-10-2019,0.6544,0.6523,0.6502,0.6489
01-09-2019,0.6533,0.6449,0.6523,0.6429
01-08-2019,0.6469,0.6426,0.6449,0.6414
01-07-2019,0.6466,0.6411,0.6426,0.6405
01-06-2019,0.6411,0.6411,0.6411,0.6411
01-04-2019,0.6523,0.6502,0.6409,0.6405
01-03-2019,0.6606,0.6517,0.6502,0.6476
01-02-2019,0.6673,0.6337,0.6517,0.6337
01-01-2019,0.6355,0.6348,0.6337,0.632
12-31-2018,0.6352,0.6339,0.6348,0.6319
12-30-2018,0.6339,0.6339,0.6339,0.6339
12-28-2018,0.6353,0.6345,0.6339,0.6316
12-27-2018,0.637,0.6343,0.6345,0.632
12-26-2018,0.636,0.636,0.6343,0.6335
12-25-2018,0.6369,0.6345,0.636,0.6345
12-24-2018,0.6362,0.6303,0.6345,0.63
12-23-2018,0.6303,0.6303,0.6303,0.6303
12-21-2018,0.6328,0.6295,0.6307,0.6262
12-20-2018,0.6315,0.6289,0.6295,0.6235
12-19-2018,0.6294,0.6275,0.6289,0.6218
12-18-2018,0.6363,0.6347,0.6275,0.6268
12-17-2018,0.6355,0.6345,0.6347,0.631
12-16-2018,0.6345,0.6345,0.6345,0.6345
12-14-2018,0.6353,0.6302,0.6347,0.6296
12-13-2018,0.6342,0.6342,0.6302,0.6289
12-12-2018,0.6379,0.6376,0.6342,0.6334
12-11-2018,0.6415,0.6405,0.6376,0.6337
12-10-2018,0.6438,0.6287,0.6405,0.6287
12-09-2018,0.6287,0.6287,0.6287,0.6287
12-07-2018,0.6321,0.6287,0.6285,0.6244
12-06-2018,0.6318,0.6241,0.6287,0.6239
12-05-2018,0.6263,0.6259,0.6241,0.6229
12-04-2018,0.6267,0.6202,0.6259,0.62
12-03-2018,0.6208,0.6136,0.6202,0.6123
12-02-2018,0.6136,0.6136,0.6136,0.6136
11-30-2018,0.6162,0.6153,0.6138,0.6126
11-29-2018,0.6231,0.622,0.6153,0.6145
11-28-2018,0.623,0.6222,0.622,0.6194
11-27-2018,0.6259,0.6239,0.6222,0.622
11-26-2018,0.6263,0.6256,0.6239,0.6223
11-25-2018,0.6256,0.6256,0.6256,0.6256
11-23-2018,0.6272,0.6258,0.6256,0.6252
11-22-2018,0.6312,0.6309,0.6258,0.6254
11-21-2018,0.6337,0.6337,0.6309,0.6288
11-20-2018,0.6368,0.6366,0.6337,0.6329
11-19-2018,0.639,0.638,0.6366,0.6332
11-18-2018,0.638,0.638,0.638,0.638
11-16-2018,0.6391,0.6332,0.6382,0.633
11-15-2018,0.6373,0.6367,0.6332,0.6325
11-14-2018,0.6382,0.638,0.6367,0.632
11-13-2018,0.6414,0.6407,0.638,0.6358
11-12-2018,0.6411,0.6369,0.6407,0.6368
11-11-2018,0.6369,0.6369,0.6369,0.6369
11-09-2018,0.6392,0.6352,0.6371,0.6348
11-08-2018,0.6381,0.638,0.6352,0.6344
11-07-2018,0.6457,0.6436,0.638,0.6376
11-06-2018,0.646,0.6452,0.6436,0.6426
11-05-2018,0.6465,0.6399,0.6452,0.6395
11-04-2018,0.6399,0.6399,0.6399,0.6399
11-02-2018,0.6517,0.6516,0.6401,0.6392
11-01-2018,0.6561,0.6554,0.6516,0.6484
10-31-2018,0.6562,0.6517,0.6554,0.6503
10-30-2018,0.6535,0.6534,0.6517,0.651
10-29-2018,0.6567,0.6567,0.6534,0.652
10-28-2018,0.6567,0.6562,0.6567,0.6562
10-26-2018,0.6593,0.6518,0.656,0.6513
10-25-2018,0.6549,0.6537,0.6518,0.6498
10-24-2018,0.6548,0.654,0.6537,0.6487
10-23-2018,0.6571,0.6523,0.654,0.6522
10-22-2018,0.6538,0.6522,0.6523,0.6498
10-21-2018,0.6522,0.6522,0.6522,0.6522
10-19-2018,0.6554,0.6554,0.6522,0.6515
10-18-2018,0.6567,0.6535,0.6554,0.6529
10-17-2018,0.6565,0.654,0.6535,0.6526
10-16-2018,0.6603,0.6596,0.654,0.6531
10-15-2018,0.6634,0.6562,0.6596,0.6562
10-14-2018,0.6562,0.6562,0.6562,0.6562
10-12-2018,0.6608,0.6607,0.6561,0.6547
10-11-2018,0.6643,0.6622,0.6607,0.658
10-10-2018,0.6626,0.6578,0.6623,0.6548
10-09-2018,0.6586,0.6549,0.6578,0.6529
10-08-2018,0.6565,0.648,0.6549,0.648
10-07-2018,0.648,0.648,0.648,0.648
10-05-2018,0.6533,0.6464,0.6486,0.6445
10-04-2018,0.648,0.6407,0.6464,0.6405
10-03-2018,0.646,0.6421,0.6407,0.6402
10-02-2018,0.6424,0.6399,0.6421,0.6396
10-01-2018,0.6427,0.6371,0.6399,0.6371
09-30-2018,0.6376,0.6376,0.6376,0.6376
09-28-2018,0.6403,0.6402,0.6377,0.6377
09-27-2018,0.646,0.6441,0.6402,0.6397
09-26-2018,0.6449,0.6433,0.6441,0.6417
09-25-2018,0.6467,0.6443,0.6433,0.6431
09-24-2018,0.6464,0.6406,0.6443,0.6406
09-23-2018,0.6406,0.6406,0.6406,0.6406
09-21-2018,0.6421,0.6401,0.6418,0.6362
09-20-2018,0.6455,0.6442,0.6401,0.6396
09-19-2018,0.6485,0.6476,0.6442,0.6425
09-18-2018,0.6513,0.6494,0.6476,0.6447
09-17-2018,0.6496,0.6413,0.6494,0.6413
09-16-2018,0.6413,0.6413,0.6413,0.6413
09-14-2018,0.6441,0.6429,0.6413,0.6396
09-13-2018,0.6489,0.6487,0.6429,0.6399
09-12-2018,0.654,0.6509,0.6487,0.6453
09-11-2018,0.6532,0.652,0.6509,0.6481
09-10-2018,0.6549,0.6467,0.652,0.6467
09-09-2018,0.6467,0.6467,0.6467,0.6467
09-07-2018,0.6517,0.6511,0.6463,0.6455
09-06-2018,0.6514,0.6438,0.6511,0.6436
09-05-2018,0.6459,0.6421,0.6438,0.6398
09-04-2018,0.6441,0.6411,0.6421,0.6389
09-03-2018,0.6418,0.6394,0.6411,0.6377
09-02-2018,0.6394,0.6394,0.6394,0.6394
08-31-2018,0.6413,0.6373,0.6392,0.6369
08-30-2018,0.6394,0.6314,0.6373,0.6311
08-29-2018,0.635,0.6306,0.6314,0.6298
08-28-2018,0.6324,0.6313,0.6306,0.6292
08-27-2018,0.6324,0.6292,0.6313,0.6275
08-26-2018,0.6292,0.6292,0.6292,0.6292
08-24-2018,0.6304,0.6294,0.6288,0.6276
08-23-2018,0.6331,0.6318,0.6294,0.6292
08-22-2018,0.6349,0.6343,0.6318,0.6313
08-21-2018,0.636,0.635,0.6343,0.6314
08-20-2018,0.6353,0.6346,0.635,0.629
08-19-2018,0.6346,0.6346,0.6346,0.6346
08-17-2018,0.636,0.6314,0.6346,0.6312
08-16-2018,0.6352,0.6323,0.6313,0.6298
08-15-2018,0.6334,0.6288,0.6323,0.6278
08-14-2018,0.6329,0.6327,0.6288,0.6279
08-13-2018,0.6354,0.6212,0.6327,0.6212
08-12-2018,0.6212,0.6212,0.6212,0.6212
08-10-2018,0.6248,0.6189,0.6212,0.6189
08-09-2018,0.6204,0.6192,0.6189,0.6172
08-08-2018,0.6195,0.6164,0.6192,0.6157
08-07-2018,0.6192,0.6181,0.6164,0.6156
08-06-2018,0.6184,0.616,0.6181,0.616
08-05-2018,0.616,0.616,0.616,0.616
08-03-2018,0.6174,0.6144,0.616,0.6138
08-02-2018,0.6173,0.6124,0.6144,0.6115
08-01-2018,0.6138,0.6125,0.6124,0.6103
07-31-2018,0.6194,0.6181,0.6125,0.6111
07-30-2018,0.6193,0.6178,0.6181,0.6174
07-29-2018,0.6178,0.6178,0.6178,0.6178
07-27-2018,0.6194,0.6176,0.618,0.6169
07-26-2018,0.6211,0.6199,0.6176,0.6171
07-25-2018,0.6209,0.6197,0.6201,0.6178
07-24-2018,0.6214,0.6176,0.6197,0.6176
07-23-2018,0.6201,0.6168,0.6176,0.6157
07-22-2018,0.6168,0.6168,0.6168,0.6168
07-20-2018,0.6171,0.6143,0.6167,0.612
07-19-2018,0.6157,0.6083,0.6143,0.6082
07-18-2018,0.6092,0.6055,0.6083,0.6052
07-17-2018,0.6101,0.61,0.6055,0.6051
07-16-2018,0.6113,0.6096,0.61,0.6096
07-15-2018,0.6096,0.6096,0.6096,0.6096
07-13-2018,0.6098,0.6079,0.6097,0.6063
07-12-2018,0.6138,0.6138,0.6079,0.6071
07-11-2018,0.6207,0.6203,0.6138,0.6128
07-10-2018,0.6205,0.6189,0.6203,0.6177
07-09-2018,0.6229,0.6229,0.6189,0.6187
07-08-2018,0.6229,0.6229,0.6229,0.6229
07-06-2018,0.624,0.623,0.6229,0.6212
07-05-2018,0.624,0.6215,0.623,0.6208
07-04-2018,0.6236,0.6208,0.6215,0.62
07-03-2018,0.6221,0.6198,0.6208,0.6177
07-02-2018,0.6221,0.6185,0.6198,0.6185
07-01-2018,0.6185,0.6185,0.6185,0.6185
06-29-2018,0.6237,0.6231,0.6185,0.6171
06-28-2018,0.6269,0.6227,0.6231,0.6222
06-27-2018,0.6254,0.6208,0.6227,0.6205
06-26-2018,0.6234,0.6212,0.6208,0.6196
06-25-2018,0.6229,0.6171,0.6212,0.6171
06-24-2018,0.6171,0.6171,0.6171,0.6171
06-22-2018,0.6189,0.618,0.6172,0.6146
06-21-2018,0.6188,0.6167,0.6178,0.6145
06-20-2018,0.6218,0.6204,0.6168,0.6162
06-19-2018,0.6228,0.6178,0.6206,0.6161
06-18-2018,0.6179,0.6153,0.6177,0.6149
06-17-2018,0.6153,0.6153,0.6153,0.6153
06-15-2018,0.6165,0.6118,0.615,0.611
06-14-2018,0.6158,0.6135,0.6119,0.6107
06-13-2018,0.6144,0.6109,0.6135,0.6097
06-12-2018,0.6128,0.6111,0.611,0.6104
06-11-2018,0.6166,0.6166,0.6111,0.611
06-10-2018,0.6166,0.6166,0.6166,0.6166
06-08-2018,0.6203,0.6145,0.6165,0.6137
06-07-2018,0.6161,0.6069,0.6145,0.6064
06-06-2018,0.6111,0.6107,0.6069,0.6064
06-05-2018,0.613,0.6099,0.6107,0.6099
06-04-2018,0.6145,0.6118,0.6099,0.6097
06-03-2018,0.6118,0.6118,0.6118,0.6118
06-01-2018,0.6201,0.6201,0.6116,0.6106
05-31-2018,0.6224,0.6203,0.6201,0.6185
05-30-2018,0.6259,0.6259,0.6203,0.6178
05-29-2018,0.6275,0.6162,0.6259,0.6162
05-28-2018,0.619,0.619,0.6162,0.6149
05-27-2018,0.619,0.619,0.619,0.619
05-25-2018,0.6248,0.6245,0.6192,0.6181
05-24-2018,0.6275,0.6216,0.6246,0.6207
05-23-2018,0.6242,0.6143,0.6218,0.6134
05-22-2018,0.6144,0.6138,0.6143,0.6115
05-21-2018,0.6142,0.6134,0.6137,0.6111
05-20-2018,0.6139,0.6139,0.6139,0.6139
05-18-2018,0.6153,0.6112,0.6139,0.6105
05-17-2018,0.6157,0.6141,0.6112,0.6112
05-16-2018,0.6179,0.6172,0.6141,0.6139
05-15-2018,0.6199,0.6157,0.6172,0.6139
05-14-2018,0.6175,0.616,0.6157,0.6147
05-13-2018,0.616,0.616,0.616,0.616
05-11-2018,0.6169,0.6144,0.6159,0.6128
05-10-2018,0.6157,0.6131,0.6144,0.6114
05-09-2018,0.6174,0.6162,0.6131,0.6125
05-08-2018,0.6171,0.6162,0.6162,0.6136
05-07-2018,0.6164,0.6116,0.6162,0.6116
05-06-2018,0.6116,0.6116,0.6116,0.6116
05-04-2018,0.6153,0.6111,0.6127,0.6103
05-03-2018,0.6127,0.6072,0.611,0.6066
05-02-2018,0.6095,0.6095,0.6072,0.6056
05-01-2018,0.6098,0.6074,0.6095,0.6069
04-30-2018,0.6111,0.611,0.6074,0.6066
04-29-2018,0.611,0.611,0.611,0.611
04-27-2018,0.6122,0.6112,0.6109,0.6092
04-26-2018,0.6126,0.6119,0.6112,0.6103
04-25-2018,0.6138,0.6104,0.6118,0.609
04-24-2018,0.612,0.6116,0.6104,0.6079
04-23-2018,0.6153,0.6142,0.6117,0.6096
04-22-2018,0.6142,0.6142,0.6142,0.6142
04-20-2018,0.6157,0.6131,0.6151,0.6114
04-19-2018,0.6168,0.6123,0.6131,0.6113
04-18-2018,0.6149,0.6137,0.6123,0.6115
04-17-2018,0.6146,0.6115,0.6136,0.6107
04-16-2018,0.6116,0.6079,0.6115,0.6069
04-15-2018,0.6079,0.6079,0.6079,0.6079
04-13-2018,0.609,0.609,0.6079,0.6053
04-12-2018,0.6125,0.6108,0.609,0.6076
04-11-2018,0.6121,0.6063,0.6108,0.6062
04-10-2018,0.6092,0.6085,0.6064,0.6048
04-09-2018,0.6092,0.6073,0.6086,0.6054
04-08-2018,0.6073,0.6073,0.6073,0.6073
04-06-2018,0.6081,0.6059,0.607,0.6048
04-05-2018,0.6095,0.6092,0.606,0.6032
04-04-2018,0.6144,0.6107,0.6093,0.6088
04-03-2018,0.6158,0.614,0.6106,0.6093
04-02-2018,0.615,0.6112,0.614,0.6108
04-01-2018,0.6112,0.6112,0.6112,0.6112
03-30-2018,0.6136,0.6119,0.6122,0.6115
03-29-2018,0.613,0.6102,0.6119,0.6094
03-28-2018,0.6174,0.6158,0.6102,0.6091
03-27-2018,0.617,0.6145,0.6158,0.6127
03-26-2018,0.6202,0.6202,0.6145,0.6142
03-25-2018,0.6202,0.6202,0.6202,0.6202
03-23-2018,0.6223,0.6201,0.6206,0.6173
03-22-2018,0.6221,0.6153,0.6201,0.6142
03-21-2018,0.6155,0.6127,0.6153,0.6115
03-20-2018,0.6155,0.6152,0.6127,0.6116
03-19-2018,0.617,0.6132,0.6152,0.6129
03-18-2018,0.6132,0.6132,0.6132,0.6132
03-16-2018,0.615,0.6113,0.6133,0.6105
03-15-2018,0.6139,0.6108,0.6114,0.6107
03-14-2018,0.6115,0.6089,0.6109,0.6076
03-13-2018,0.6116,0.6115,0.6089,0.6047
03-12-2018,0.6115,0.6096,0.6114,0.6089
03-11-2018,0.6096,0.6096,0.6096,0.6096
03-09-2018,0.6123,0.6118,0.6096,0.608
03-08-2018,0.6145,0.6111,0.6118,0.611
03-07-2018,0.6159,0.6149,0.6111,0.6109
03-06-2018,0.6154,0.612,0.6149,0.6102
03-05-2018,0.6189,0.6169,0.612,0.6118
03-04-2018,0.6169,0.6169,0.6169,0.6169
03-02-2018,0.6197,0.6144,0.6168,0.6133
03-01-2018,0.6149,0.6115,0.6145,0.6079
02-28-2018,0.6122,0.6043,0.6115,0.6038
02-27-2018,0.6073,0.6049,0.6044,0.6028
02-26-2018,0.6081,0.6054,0.605,0.6048
02-25-2018,0.6054,0.6054,0.6054,0.6054
02-23-2018,0.6087,0.6082,0.6054,0.6054
02-22-2018,0.6095,0.6025,0.6082,0.6014
02-21-2018,0.6045,0.604,0.6025,0.6003
02-20-2018,0.6059,0.6021,0.604,0.6017
02-19-2018,0.6066,0.6042,0.6021,0.6019
02-18-2018,0.6042,0.6042,0.6042,0.6042
02-16-2018,0.6067,0.6021,0.6042,0.6008
02-15-2018,0.6028,0.6013,0.6021,0.598
02-14-2018,0.6023,0.5964,0.6013,0.5955
02-13-2018,0.5983,0.5914,0.5964,0.591
02-12-2018,0.5932,0.5916,0.5914,0.5909
02-11-2018,0.5916,0.5916,0.5916,0.5916
02-09-2018,0.5958,0.5924,0.5916,0.5884
02-08-2018,0.5924,0.5887,0.5924,0.5845
02-07-2018,0.5893,0.5857,0.5886,0.5851
02-06-2018,0.5935,0.5881,0.5857,0.5853
02-05-2018,0.5884,0.5824,0.5881,0.5813
02-04-2018,0.5824,0.5824,0.5824,0.5824
02-02-2018,0.5864,0.5848,0.5823,0.5805
02-01-2018,0.5862,0.5819,0.5848,0.5808
01-31-2018,0.5868,0.5858,0.582,0.5808
01-30-2018,0.587,0.5839,0.5858,0.5825
01-29-2018,0.5855,0.5849,0.5839,0.5822
01-28-2018,0.5849,0.5849,0.5849,0.5849
01-26-2018,0.588,0.5791,0.5848,0.5786
01-25-2018,0.5854,0.5823,0.579,0.5787
01-24-2018,0.5845,0.5791,0.5823,0.5781
01-23-2018,0.5793,0.5757,0.5791,0.5738
01-22-2018,0.5773,0.5761,0.5757,0.5744
01-21-2018,0.5761,0.5761,0.5761,0.5761
01-19-2018,0.5779,0.5753,0.576,0.5738
01-18-2018,0.5768,0.5736,0.5753,0.5729
01-17-2018,0.581,0.58,0.5736,0.5736
01-16-2018,0.5807,0.5743,0.5801,0.5725
01-15-2018,0.5756,0.5695,0.5743,0.5695
01-14-2018,0.5695,0.5695,0.5695,0.5695
01-12-2018,0.5743,0.5723,0.5724,0.5699
01-11-2018,0.5735,0.571,0.5723,0.5694
01-10-2018,0.5721,0.5647,0.571,0.5647
01-09-2018,0.5668,0.561,0.5648,0.5608
01-08-2018,0.5627,0.5601,0.561,0.5592
01-07-2018,0.5601,0.5601,0.5601,0.5601
01-05-2018,0.5624,0.5621,0.5601,0.5592
01-04-2018,0.5645,0.564,0.5621,0.5616
01-03-2018,0.5664,0.5653,0.5639,0.5638
01-02-2018,0.5667,0.5662,0.5653,0.5648
01-01-2018,0.5667,0.5665,0.5662,0.5658
12-31-2017,0.5665,0.5665,0.5665,0.5665
12-29-2017,0.5686,0.5676,0.5665,0.5657
12-28-2017,0.5694,0.5662,0.5676,0.5659
12-27-2017,0.5669,0.5658,0.5662,0.5651
12-26-2017,0.5662,0.5645,0.5658,0.5643
12-25-2017,0.5654,0.5649,0.5645,0.5645
12-24-2017,0.5649,0.5649,0.5649,0.5649
12-22-2017,0.5698,0.565,0.5649,0.5644
12-21-2017,0.5663,0.5662,0.565,0.5637
12-20-2017,0.5676,0.5671,0.5662,0.5647
12-19-2017,0.5705,0.5703,0.5671,0.5663
12-18-2017,0.5719,0.5692,0.5704,0.5678
12-17-2017,0.5692,0.5692,0.5692,0.5692
12-15-2017,0.5738,0.5724,0.5692,0.5674
12-14-2017,0.5741,0.5715,0.5724,0.5696
12-13-2017,0.5731,0.5672,0.5715,0.5672
12-12-2017,0.5687,0.5668,0.5672,0.5662
12-11-2017,0.5687,0.5678,0.5668,0.5665
12-10-2017,0.5678,0.5678,0.5678,0.5678
12-08-2017,0.5708,0.5706,0.5683,0.5673
12-07-2017,0.5746,0.5746,0.5705,0.5704
12-06-2017,0.5759,0.5723,0.5746,0.5719
12-05-2017,0.5729,0.5723,0.5723,0.5698
12-04-2017,0.5754,0.5754,0.5722,0.5691
12-03-2017,0.5754,0.5754,0.5754,0.5754
12-01-2017,0.5787,0.5729,0.5755,0.5715
11-30-2017,0.5772,0.5746,0.573,0.5723
11-29-2017,0.5787,0.5769,0.5746,0.5736
11-28-2017,0.5812,0.5801,0.5769,0.5769
11-27-2017,0.5818,0.5792,0.5801,0.5775
11-26-2017,0.5792,0.5792,0.5792,0.5792
11-24-2017,0.5811,0.5805,0.5797,0.5791
11-23-2017,0.5841,0.5828,0.5804,0.5802
11-22-2017,0.5836,0.5775,0.5828,0.5766
11-21-2017,0.5787,0.5784,0.5775,0.5763
11-20-2017,0.5827,0.5798,0.5785,0.5776
11-19-2017,0.5798,0.5798,0.5798,0.5798
11-17-2017,0.581,0.5777,0.5802,0.5743
11-16-2017,0.5792,0.5787,0.5777,0.5754
11-15-2017,0.5799,0.5768,0.5786,0.5763
11-14-2017,0.578,0.5761,0.5768,0.5743
11-13-2017,0.578,0.5743,0.5761,0.5737
11-12-2017,0.5743,0.5743,0.5743,0.5743
11-10-2017,0.5757,0.573,0.5744,0.5725
11-09-2017,0.5745,0.5698,0.573,0.569
11-08-2017,0.573,0.5719,0.5698,0.5697
11-07-2017,0.5724,0.568,0.572,0.5672
11-06-2017,0.5685,0.566,0.568,0.5644
11-05-2017,0.566,0.566,0.566,0.566
11-03-2017,0.5678,0.5664,0.5659,0.5645
11-02-2017,0.5687,0.5654,0.5663,0.5652
11-01-2017,0.5698,0.5697,0.5655,0.5651
10-31-2017,0.574,0.574,0.5697,0.5693
10-30-2017,0.5743,0.5723,0.574,0.5704
10-29-2017,0.5723,0.5723,0.5723,0.5723
10-27-2017,0.5725,0.5682,0.5723,0.5675
10-26-2017,0.5726,0.5717,0.5682,0.5678
10-25-2017,0.5731,0.5712,0.5717,0.5685
10-24-2017,0.5741,0.5736,0.5712,0.5708
10-23-2017,0.5741,0.5732,0.5736,0.5704
10-22-2017,0.5732,0.5732,0.5732,0.5732
10-20-2017,0.5772,0.5768,0.573,0.5727
10-19-2017,0.5789,0.5757,0.5768,0.5749
10-18-2017,0.5799,0.5795,0.5757,0.5753
10-17-2017,0.58,0.5767,0.5795,0.5761
10-16-2017,0.5807,0.5786,0.5767,0.5762
10-15-2017,0.5786,0.5786,0.5786,0.5786
10-13-2017,0.5812,0.5797,0.5785,0.5768
10-12-2017,0.5802,0.5795,0.5797,0.5784
10-11-2017,0.5815,0.5809,0.5795,0.579
10-10-2017,0.5825,0.5801,0.5809,0.5787
10-09-2017,0.581,0.5787,0.5801,0.5787
10-08-2017,0.5787,0.5787,0.5787,0.5787
10-06-2017,0.5812,0.5777,0.5807,0.5766
10-05-2017,0.5795,0.5764,0.5776,0.5759
10-04-2017,0.582,0.5803,0.5764,0.5759
10-03-2017,0.5817,0.5791,0.5803,0.5764
10-02-2017,0.5824,0.5819,0.5791,0.5776
10-01-2017,0.5819,0.5819,0.5819,0.5819
09-29-2017,0.5825,0.5817,0.5806,0.5791
09-28-2017,0.5837,0.5822,0.5817,0.5804
09-27-2017,0.5846,0.5825,0.5822,0.5803
09-26-2017,0.5863,0.5827,0.5825,0.582
09-25-2017,0.5864,0.5786,0.5828,0.5768
09-24-2017,0.5786,0.5786,0.5786,0.5786
09-22-2017,0.5828,0.5763,0.5786,0.5758
09-21-2017,0.5788,0.5712,0.5763,0.5707
09-20-2017,0.5782,0.5763,0.5712,0.5706
09-19-2017,0.5782,0.5754,0.5762,0.5736
09-18-2017,0.5784,0.5784,0.5754,0.5746
09-17-2017,0.5784,0.5784,0.5784,0.5784
09-15-2017,0.5833,0.5833,0.5786,0.5755
09-14-2017,0.5851,0.5792,0.5833,0.5779
09-13-2017,0.5822,0.5809,0.5793,0.5776
09-12-2017,0.5855,0.5845,0.5809,0.5806
09-11-2017,0.5915,0.5915,0.5845,0.5838
09-10-2017,0.5915,0.5915,0.5915,0.5915
09-08-2017,0.5949,0.5912,0.5914,0.5901
09-07-2017,0.5923,0.587,0.5912,0.5866
09-06-2017,0.592,0.5903,0.587,0.5856
09-05-2017,0.5908,0.5832,0.5902,0.5832
09-04-2017,0.5864,0.5805,0.5832,0.5805
09-03-2017,0.5805,0.5805,0.5805,0.5805
09-01-2017,0.5848,0.5805,0.5808,0.5786
08-31-2017,0.5818,0.5793,0.5806,0.5777
08-30-2017,0.5833,0.5831,0.5793,0.5787
08-29-2017,0.591,0.5877,0.5831,0.5825
08-28-2017,0.59,0.5853,0.5877,0.5791
08-27-2017,0.5853,0.5853,0.5853,0.5853
08-25-2017,0.5866,0.5848,0.5856,0.5829
08-24-2017,0.5881,0.588,0.5847,0.5843
08-23-2017,0.5885,0.5839,0.5879,0.5836
08-22-2017,0.5883,0.5883,0.5838,0.5838
08-21-2017,0.5901,0.587,0.5884,0.5864
08-20-2017,0.587,0.587,0.587,0.587
08-18-2017,0.5905,0.5869,0.5869,0.585
08-17-2017,0.587,0.5832,0.5868,0.5815
08-16-2017,0.5832,0.5798,0.5832,0.5782
08-15-2017,0.583,0.583,0.5798,0.5785
08-14-2017,0.5874,0.5874,0.583,0.583
08-13-2017,0.5874,0.5874,0.5874,0.5874
08-11-2017,0.5899,0.5874,0.5874,0.5864
08-10-2017,0.5877,0.5802,0.5875,0.5796
08-09-2017,0.5829,0.5783,0.5802,0.5782
08-08-2017,0.5787,0.5764,0.5784,0.5746
08-07-2017,0.5788,0.5752,0.5764,0.5745
08-06-2017,0.5752,0.5752,0.5752,0.5752
08-04-2017,0.5799,0.5798,0.5753,0.5733
08-03-2017,0.5799,0.5747,0.5798,0.5744
08-02-2017,0.5808,0.5804,0.5747,0.5738
08-01-2017,0.5836,0.5817,0.5804,0.5798
07-31-2017,0.5825,0.5794,0.5818,0.5787
07-30-2017,0.5794,0.5794,0.5794,0.5794
07-28-2017,0.5798,0.5771,0.5791,0.5765
07-27-2017,0.5804,0.5789,0.5771,0.5741
07-26-2017,0.5794,0.5749,0.5789,0.5734
07-25-2017,0.5807,0.5787,0.5749,0.5748
07-24-2017,0.5821,0.5792,0.5788,0.5785
07-23-2017,0.5792,0.5792,0.5792,0.5792
07-21-2017,0.5803,0.5754,0.5794,0.5742
07-20-2017,0.5773,0.5744,0.5754,0.5731
07-19-2017,0.5762,0.5743,0.5745,0.5732
07-18-2017,0.5755,0.5716,0.5744,0.5713
07-17-2017,0.5728,0.5726,0.5716,0.5702
07-16-2017,0.5726,0.5726,0.5726,0.5726
07-14-2017,0.5734,0.5683,0.5725,0.5675
07-13-2017,0.571,0.5688,0.5682,0.5679
07-12-2017,0.5708,0.5676,0.5688,0.5673
07-11-2017,0.5676,0.5652,0.5676,0.5633
07-10-2017,0.5674,0.5674,0.5652,0.5642
07-09-2017,0.5674,0.5674,0.5674,0.5674
07-07-2017,0.5721,0.5721,0.5673,0.566
07-06-2017,0.5737,0.5725,0.5721,0.5707
07-05-2017,0.5742,0.5735,0.5725,0.5699
07-04-2017,0.5747,0.5718,0.5735,0.5715
07-03-2017,0.5757,0.5751,0.5718,0.5714
07-02-2017,0.5751,0.5751,0.5751,0.5751
06-30-2017,0.579,0.5773,0.5749,0.574
06-29-2017,0.5786,0.5743,0.5773,0.5727
06-28-2017,0.5772,0.5746,0.5744,0.5738
06-27-2017,0.5783,0.576,0.5747,0.5727
06-26-2017,0.5798,0.5798,0.5759,0.5757
06-25-2017,0.5798,0.5795,0.5798,0.5795
06-23-2017,0.5808,0.5806,0.5796,0.5789
06-22-2017,0.5817,0.5799,0.5805,0.5797
06-21-2017,0.582,0.5796,0.5798,0.5776
06-20-2017,0.5804,0.5772,0.5796,0.577
06-19-2017,0.5815,0.5815,0.5772,0.5772
06-18-2017,0.5815,0.5815,0.5815,0.5815
06-16-2017,0.5829,0.5819,0.5814,0.5782
06-15-2017,0.5879,0.5869,0.5819,0.5819
06-14-2017,0.59,0.5845,0.5869,0.5825
06-13-2017,0.5866,0.5866,0.5845,0.584
06-12-2017,0.5882,0.5823,0.5867,0.5821
06-11-2017,0.5823,0.5823,0.5823,0.5823
06-09-2017,0.585,0.585,0.5824,0.5799
06-08-2017,0.589,0.5863,0.585,0.5822
06-07-2017,0.5903,0.5883,0.5863,0.5863
06-06-2017,0.5902,0.583,0.5883,0.5827
06-05-2017,0.5833,0.5804,0.5831,0.5804
06-04-2017,0.5804,0.5804,0.5804,0.5804
06-02-2017,0.5837,0.5786,0.5833,0.5765
06-01-2017,0.5823,0.5823,0.5786,0.578
05-31-2017,0.5838,0.583,0.5822,0.5808
05-30-2017,0.5842,0.5805,0.583,0.5802
05-29-2017,0.5813,0.5794,0.5805,0.5788
05-28-2017,0.5794,0.5794,0.5794,0.5794
05-26-2017,0.5821,0.5777,0.5795,0.5774
05-25-2017,0.5808,0.5808,0.5777,0.5766
05-24-2017,0.581,0.5795,0.5808,0.5776
05-23-2017,0.5842,0.5816,0.5795,0.5795
05-22-2017,0.5819,0.5802,0.5816,0.5789
05-21-2017,0.5802,0.5802,0.5802,0.5802
05-19-2017,0.5847,0.5822,0.5803,0.5783
05-18-2017,0.5883,0.577,0.5822,0.5766
05-17-2017,0.58,0.5684,0.577,0.5682
05-16-2017,0.5686,0.5638,0.5683,0.5632
05-15-2017,0.5673,0.5668,0.5638,0.5625
05-14-2017,0.5668,0.5668,0.5668,0.5668
05-12-2017,0.5675,0.5658,0.5667,0.5646
05-11-2017,0.5676,0.5645,0.5658,0.5633
05-10-2017,0.569,0.5689,0.5646,0.5644
05-09-2017,0.5699,0.5684,0.5689,0.5657
05-08-2017,0.5718,0.5706,0.5684,0.5681
05-07-2017,0.5706,0.5706,0.5706,0.5706
05-05-2017,0.5737,0.5707,0.5706,0.57
05-04-2017,0.5718,0.5689,0.5706,0.568
05-03-2017,0.573,0.573,0.5689,0.5687
05-02-2017,0.5746,0.5746,0.573,0.5714
05-01-2017,0.5796,0.5765,0.5746,0.5738
04-30-2017,0.5765,0.5765,0.5765,0.5765
04-28-2017,0.5781,0.5765,0.5765,0.5756
04-27-2017,0.5781,0.5767,0.5765,0.5744
04-26-2017,0.5793,0.5793,0.5767,0.5736
04-25-2017,0.5882,0.5882,0.5792,0.5786
04-24-2017,0.5927,0.5927,0.5882,0.5768
04-23-2017,0.5927,0.5927,0.5927,0.5927
04-21-2017,0.5938,0.5908,0.5926,0.5903
04-20-2017,0.5944,0.594,0.5908,0.59
04-19-2017,0.5956,0.595,0.594,0.5916
04-18-2017,0.5964,0.5894,0.595,0.5894
04-17-2017,0.5951,0.5934,0.5894,0.5894
04-16-2017,0.5934,0.5934,0.5934,0.5934
04-14-2017,0.5937,0.5895,0.5937,0.5895
04-13-2017,0.595,0.594,0.5895,0.5891
04-12-2017,0.5942,0.5892,0.5941,0.5883
04-11-2017,0.5898,0.5834,0.589,0.582
04-10-2017,0.5836,0.5787,0.5834,0.5783
04-09-2017,0.5787,0.5787,0.5787,0.5787
04-07-2017,0.5869,0.5825,0.5784,0.5774
04-06-2017,0.5891,0.5877,0.5825,0.5811
04-05-2017,0.5894,0.5871,0.5877,0.5821
04-04-2017,0.5902,0.5868,0.5871,0.5867
04-03-2017,0.587,0.5824,0.5868,0.5817
04-02-2017,0.5824,0.5824,0.5824,0.5824
03-31-2017,0.583,0.5803,0.5823,0.578
03-30-2017,0.5853,0.5836,0.5803,0.5794
03-29-2017,0.5862,0.5848,0.5836,0.5836
03-28-2017,0.5903,0.5867,0.5847,0.5847
03-27-2017,0.5911,0.5893,0.5867,0.5865
03-26-2017,0.5878,0.5878,0.5878,0.5878
03-24-2017,0.5913,0.5895,0.588,0.5872
03-23-2017,0.5918,0.5877,0.5895,0.5867
03-22-2017,0.5912,0.5859,0.5877,0.5848
03-21-2017,0.5864,0.5805,0.5859,0.5784
03-20-2017,0.5813,0.5813,0.5805,0.579
03-19-2017,0.5813,0.5813,0.5813,0.5813
03-17-2017,0.5816,0.577,0.581,0.5761
03-16-2017,0.5799,0.5788,0.577,0.5752
03-15-2017,0.5798,0.5737,0.5787,0.5699
03-14-2017,0.577,0.5759,0.5737,0.5717
03-13-2017,0.581,0.5798,0.5759,0.5756
03-12-2017,0.5798,0.5798,0.5798,0.5798
03-10-2017,0.5805,0.5791,0.5798,0.5768
03-09-2017,0.5841,0.5837,0.5792,0.579
03-08-2017,0.5866,0.5848,0.5837,0.5821
03-07-2017,0.586,0.5852,0.5848,0.5837
03-06-2017,0.5876,0.5814,0.5853,0.5814
03-05-2017,0.5814,0.5814,0.5814,0.5814
03-03-2017,0.5867,0.584,0.5856,0.5821
03-02-2017,0.5874,0.5859,0.584,0.5826
03-01-2017,0.5915,0.59,0.5859,0.5858
02-28-2017,0.5969,0.5916,0.59,0.5899
02-27-2017,0.5963,0.5942,0.5916,0.5912
02-26-2017,0.5942,0.5942,0.5942,0.5942
02-24-2017,0.5954,0.5918,0.5944,0.5905
02-23-2017,0.5924,0.5901,0.5919,0.5896
02-22-2017,0.5931,0.5892,0.59,0.5892
02-21-2017,0.591,0.5906,0.5892,0.5883
02-20-2017,0.596,0.5944,0.5906,0.5906
02-19-2017,0.5944,0.5944,0.5944,0.5944
02-17-2017,0.5959,0.592,0.5942,0.5904
02-16-2017,0.5932,0.586,0.592,0.5858
02-15-2017,0.5872,0.5847,0.5861,0.5826
02-14-2017,0.5911,0.5886,0.5847,0.5841
02-13-2017,0.5908,0.5908,0.5886,0.5878
02-12-2017,0.5908,0.5908,0.5908,0.5908
02-10-2017,0.5916,0.5887,0.5904,0.5867
02-09-2017,0.5993,0.5989,0.5887,0.5884
02-08-2017,0.6012,0.5992,0.5989,0.5976
02-07-2017,0.6028,0.601,0.5993,0.5984
02-06-2017,0.6019,0.5946,0.601,0.5946
02-05-2017,0.5946,0.5946,0.5946,0.5946
02-03-2017,0.6002,0.5958,0.5967,0.5942
02-02-2017,0.6005,0.5948,0.5958,0.5948
02-01-2017,0.5988,0.5988,0.5949,0.5919
01-31-2017,0.6022,0.5967,0.5988,0.5952
01-30-2017,0.5974,0.5909,0.5967,0.5909
01-29-2017,0.5909,0.5909,0.5909,0.5909
01-27-2017,0.5958,0.5955,0.5917,0.59
01-26-2017,0.6012,0.6,0.5955,0.5936
01-25-2017,0.6019,0.5988,0.5999,0.5977
01-24-2017,0.6049,0.6034,0.5989,0.598
01-23-2017,0.6048,0.5914,0.6034,0.5914
01-22-2017,0.5914,0.5914,0.5914,0.5914
01-20-2017,0.5961,0.5923,0.5949,0.5906
01-19-2017,0.5961,0.5944,0.5923,0.5893
01-18-2017,0.603,0.6016,0.5944,0.5939
01-17-2017,0.6032,0.5966,0.6016,0.5961
01-16-2017,0.5991,0.5957,0.5966,0.5957
01-15-2017,0.5957,0.5957,0.5957,0.5957
01-13-2017,0.5964,0.5942,0.5954,0.591
01-12-2017,0.5977,0.5934,0.5942,0.5919
01-11-2017,0.5965,0.5895,0.5935,0.5855
01-10-2017,0.592,0.5871,0.5895,0.5864
01-09-2017,0.5891,0.5824,0.5871,0.5803
01-08-2017,0.5824,0.5824,0.5824,0.5824
01-06-2017,0.5877,0.5876,0.5825,0.5814
01-05-2017,0.5884,0.5796,0.5876,0.5796
01-04-2017,0.5808,0.5805,0.5796,0.5769
01-03-2017,0.583,0.5798,0.5804,0.5767
01-02-2017,0.5826,0.5804,0.5799,0.5788
01-01-2017,0.5804,0.5804,0.5804,0.5804
12-30-2016,0.585,0.584,0.58,0.579
12-29-2016,0.5859,0.5826,0.584,0.5817
12-28-2016,0.5837,0.5785,0.5826,0.5772
12-27-2016,0.5803,0.579,0.5785,0.5782
12-26-2016,0.5799,0.5787,0.579,0.5778
12-25-2016,0.5787,0.5787,0.5787,0.5787
12-23-2016,0.5791,0.5772,0.5782,0.5771
12-22-2016,0.5793,0.5767,0.5772,0.5763
12-21-2016,0.5797,0.5759,0.5771,0.5748
12-20-2016,0.58,0.5793,0.5763,0.5742
12-19-2016,0.5821,0.5753,0.5794,0.5747
12-18-2016,0.5744,0.5744,0.5744,0.5744
12-16-2016,0.5775,0.574,0.5751,0.5722
12-15-2016,0.578,0.5761,0.5742,0.5715
12-14-2016,0.5883,0.585,0.5765,0.5744
12-13-2016,0.5878,0.586,0.5852,0.5843
12-12-2016,0.5868,0.585,0.5862,0.5814
12-11-2016,0.5856,0.5856,0.5856,0.5856
12-09-2016,0.5926,0.5922,0.5847,0.5844
12-08-2016,0.5967,0.5927,0.5923,0.5897
12-07-2016,0.5964,0.5939,0.5928,0.592
12-06-2016,0.6002,0.5972,0.5941,0.5931
12-05-2016,0.6026,0.599,0.5975,0.5936
12-04-2016,0.5986,0.5986,0.5986,0.5986
12-02-2016,0.6013,0.5977,0.599,0.5969
12-01-2016,0.6009,0.5993,0.5981,0.5949
11-30-2016,0.6124,0.6104,0.5993,0.5985
11-29-2016,0.6143,0.6124,0.6106,0.6062
11-28-2016,0.6152,0.6056,0.6127,0.6055
11-27-2016,0.6059,0.6059,0.6059,0.6059
11-25-2016,0.6084,0.6064,0.6059,0.6011
11-24-2016,0.6124,0.6112,0.6067,0.6056
11-23-2016,0.6182,0.6152,0.6114,0.6092
11-22-2016,0.6187,0.6154,0.6154,0.6134
11-21-2016,0.6176,0.6144,0.6156,0.6125
11-20-2016,0.6146,0.6146,0.6146,0.6146
11-18-2016,0.6198,0.6175,0.6146,0.6136
11-17-2016,0.6263,0.6233,0.6177,0.6169
11-16-2016,0.6243,0.6204,0.6234,0.6181
11-15-2016,0.6289,0.625,0.6209,0.6193
11-14-2016,0.634,0.6337,0.6252,0.6241
11-13-2016,0.6331,0.6331,0.6331,0.6331
11-11-2016,0.6351,0.6258,0.6333,0.6249
11-10-2016,0.6335,0.6291,0.6259,0.6228
11-09-2016,0.6613,0.6296,0.6295,0.6273
11-08-2016,0.6396,0.6387,0.6299,0.6293
11-07-2016,0.6478,0.6473,0.6389,0.6375
11-06-2016,0.6483,0.6483,0.6483,0.6483
11-04-2016,0.6492,0.6472,0.6476,0.6453
11-03-2016,0.6507,0.6461,0.6474,0.645
11-02-2016,0.648,0.64,0.6463,0.64
11-01-2016,0.6429,0.636,0.6403,0.6343
10-31-2016,0.6404,0.6375,0.6362,0.6339
10-30-2016,0.6375,0.6375,0.6375,0.6375
10-28-2016,0.6394,0.6351,0.6378,0.6326
10-27-2016,0.6416,0.6398,0.6352,0.6344
10-26-2016,0.6425,0.6408,0.64,0.6382
10-25-2016,0.6419,0.6414,0.641,0.637
10-24-2016,0.6448,0.6441,0.6416,0.6404
10-23-2016,0.6446,0.6446,0.6446,0.6446
10-21-2016,0.6469,0.6427,0.6445,0.6413
10-20-2016,0.6451,0.6441,0.6429,0.6417
10-19-2016,0.6463,0.6422,0.6443,0.6416
10-18-2016,0.6443,0.6426,0.6425,0.6398
10-17-2016,0.6435,0.6407,0.6429,0.6388
10-16-2016,0.6404,0.6404,0.6404,0.6404
10-14-2016,0.6447,0.644,0.6403,0.6384
10-13-2016,0.6474,0.641,0.6441,0.6382
10-12-2016,0.6469,0.6455,0.6411,0.6392
10-11-2016,0.648,0.6415,0.6456,0.6393
10-10-2016,0.6478,0.6453,0.6418,0.6403
10-09-2016,0.6469,0.6469,0.6469,0.6469
10-07-2016,0.6475,0.6415,0.6472,0.6408
10-06-2016,0.6446,0.6429,0.6417,0.6401
10-05-2016,0.6489,0.6472,0.6432,0.6417
10-04-2016,0.6552,0.6544,0.6473,0.646
10-03-2016,0.6579,0.6565,0.6547,0.6538
10-02-2016,0.6568,0.6568,0.6568,0.6568
09-30-2016,0.6624,0.6611,0.6567,0.6559
09-29-2016,0.6631,0.6589,0.6613,0.654
09-28-2016,0.6624,0.661,0.6591,0.6583
09-27-2016,0.6665,0.6636,0.6613,0.6579
09-26-2016,0.6646,0.66,0.6639,0.6594
09-25-2016,0.6604,0.6604,0.6604,0.6604
09-23-2016,0.6621,0.6611,0.6605,0.6579
09-22-2016,0.6682,0.6649,0.6614,0.6594
09-21-2016,0.6672,0.6584,0.6653,0.6525
09-20-2016,0.6597,0.6568,0.6586,0.6558
09-19-2016,0.6591,0.6559,0.6571,0.6546
09-18-2016,0.6558,0.6558,0.6558,0.6558
09-16-2016,0.6586,0.6546,0.6557,0.654
09-15-2016,0.6561,0.652,0.6549,0.6505
09-14-2016,0.6555,0.6545,0.6522,0.6472
09-13-2016,0.6589,0.655,0.6547,0.6521
09-12-2016,0.6578,0.651,0.6552,0.6503
09-11-2016,0.651,0.6499,0.651,0.6499
09-09-2016,0.6536,0.6499,0.6514,0.6475
09-08-2016,0.6555,0.6532,0.6501,0.6492
09-07-2016,0.6552,0.6494,0.6534,0.6485
09-06-2016,0.6504,0.6421,0.6497,0.6397
09-05-2016,0.6449,0.6419,0.6426,0.6402
09-04-2016,0.6425,0.6425,0.6425,0.6425
09-02-2016,0.6489,0.6468,0.6423,0.6386
09-01-2016,0.6506,0.6474,0.647,0.6439
08-31-2016,0.6527,0.6519,0.6476,0.6467
08-30-2016,0.6595,0.6582,0.6521,0.6508
08-29-2016,0.6593,0.659,0.6585,0.6555
08-28-2016,0.664,0.664,0.664,0.664
08-26-2016,0.669,0.6665,0.6592,0.6579
08-25-2016,0.6687,0.668,0.6667,0.6658
08-24-2016,0.6711,0.6694,0.6687,0.667
08-23-2016,0.6717,0.6695,0.6696,0.6685
08-22-2016,0.6714,0.6681,0.6698,0.6648
08-21-2016,0.6699,0.6699,0.6699,0.6699
08-19-2016,0.6711,0.6687,0.6699,0.6652
08-18-2016,0.6715,0.6669,0.6691,0.6644
08-17-2016,0.6689,0.6665,0.6671,0.661
08-16-2016,0.6702,0.66,0.6667,0.6599
08-15-2016,0.6631,0.6604,0.6602,0.6594
08-14-2016,0.6604,0.6604,0.6604,0.6604
08-12-2016,0.6629,0.6546,0.6605,0.6531
08-11-2016,0.661,0.659,0.6547,0.6539
08-10-2016,0.6603,0.6552,0.6592,0.6547
08-09-2016,0.656,0.6519,0.6553,0.6512
08-08-2016,0.657,0.6568,0.6522,0.6506
08-07-2016,0.6565,0.6565,0.6565,0.6565
08-05-2016,0.6623,0.6601,0.6565,0.6544
08-04-2016,0.6622,0.6595,0.6604,0.6582
08-03-2016,0.6636,0.6608,0.6595,0.658
08-02-2016,0.6623,0.6519,0.6609,0.6492
08-01-2016,0.6537,0.6526,0.652,0.6495
07-31-2016,0.6529,0.6529,0.6529,0.6529
07-29-2016,0.6547,0.6365,0.653,0.636
07-28-2016,0.6415,0.6361,0.6366,0.6348
07-27-2016,0.6434,0.6431,0.6364,0.6318
07-26-2016,0.6478,0.637,0.6433,0.6364
07-25-2016,0.6377,0.6327,0.6373,0.6287
07-24-2016,0.6326,0.6326,0.6326,0.6326
07-22-2016,0.6362,0.6344,0.6331,0.6309
07-21-2016,0.6378,0.6284,0.6346,0.6249
07-20-2016,0.635,0.6331,0.6286,0.6273
07-19-2016,0.6362,0.6323,0.6333,0.6302
07-18-2016,0.6382,0.6368,0.6324,0.6313
07-17-2016,0.6402,0.6402,0.6402,0.6402
07-15-2016,0.6417,0.6343,0.6404,0.6287
07-14-2016,0.6444,0.641,0.6345,0.6307
07-13-2016,0.6457,0.6394,0.6413,0.6381
07-12-2016,0.6556,0.6529,0.6397,0.6382
07-11-2016,0.6681,0.668,0.6531,0.6519
07-10-2016,0.6678,0.6678,0.6678,0.6678
07-08-2016,0.6733,0.6696,0.6678,0.6647
07-07-2016,0.6712,0.6651,0.6697,0.6643
07-06-2016,0.6738,0.6626,0.6653,0.6623
07-05-2016,0.6646,0.6555,0.6629,0.6552
07-04-2016,0.6565,0.6552,0.6558,0.6528
07-03-2016,0.655,0.655,0.655,0.655
07-01-2016,0.6583,0.6532,0.6554,0.6525
06-30-2016,0.661,0.6554,0.6535,0.6529
06-29-2016,0.6639,0.6587,0.6557,0.6545
06-28-2016,0.6691,0.6657,0.659,0.6579
06-27-2016,0.6699,0.6647,0.6658,0.6621
06-26-2016,0.6644,0.6644,0.6644,0.6644
06-24-2016,0.6818,0.6335,0.664,0.6295
06-23-2016,0.6469,0.6458,0.6338,0.6332
06-22-2016,0.6485,0.6456,0.646,0.6427
06-21-2016,0.6516,0.6497,0.6456,0.6434
06-20-2016,0.6509,0.6425,0.6499,0.6395
06-19-2016,0.6443,0.6443,0.6373,0.6373
06-17-2016,0.6459,0.6454,0.6442,0.6417
06-16-2016,0.6497,0.6325,0.6457,0.6324
06-15-2016,0.6356,0.634,0.6327,0.6302
06-14-2016,0.6367,0.6321,0.6341,0.6306
06-13-2016,0.6345,0.6259,0.6324,0.6259
06-12-2016,0.626,0.626,0.626,0.626
06-10-2016,0.6282,0.6231,0.6258,0.6224
06-09-2016,0.6281,0.6213,0.6233,0.6207
06-08-2016,0.6257,0.6206,0.6216,0.6206
06-07-2016,0.6232,0.6208,0.6209,0.6186
06-06-2016,0.6298,0.6292,0.621,0.6202
06-05-2016,0.6288,0.6288,0.6288,0.6288
06-03-2016,0.6291,0.6177,0.629,0.6158
06-02-2016,0.6202,0.6155,0.6179,0.615
06-01-2016,0.6189,0.6068,0.6156,0.6062
05-31-2016,0.6091,0.6042,0.6071,0.6027
05-30-2016,0.6074,0.6068,0.6044,0.6035
05-29-2016,0.6079,0.6079,0.6079,0.6079
05-27-2016,0.6123,0.6096,0.6081,0.6057
05-26-2016,0.6151,0.6104,0.6097,0.6085
05-25-2016,0.6152,0.6147,0.6103,0.6088
05-24-2016,0.6202,0.6169,0.6149,0.614
05-23-2016,0.6186,0.6119,0.6171,0.6112
05-22-2016,0.6116,0.6116,0.6116,0.6116
05-20-2016,0.6143,0.6131,0.612,0.6092
05-19-2016,0.6158,0.6091,0.6133,0.6086
05-18-2016,0.6152,0.6121,0.6093,0.6087
05-17-2016,0.614,0.6129,0.6123,0.6084
05-16-2016,0.6167,0.6155,0.6131,0.6122
05-15-2016,0.6154,0.6154,0.6154,0.6154
05-13-2016,0.6157,0.6122,0.6155,0.6102
05-12-2016,0.6154,0.6137,0.6123,0.6089
05-11-2016,0.6149,0.6096,0.614,0.609
05-10-2016,0.6164,0.616,0.6098,0.609
05-09-2016,0.6222,0.6216,0.6162,0.6131
05-08-2016,0.6219,0.6219,0.6219,0.6219
05-06-2016,0.6265,0.6204,0.6217,0.6197
05-05-2016,0.6234,0.6224,0.6206,0.6186
05-04-2016,0.6264,0.6241,0.6226,0.6203
05-03-2016,0.6286,0.6232,0.6243,0.623
05-02-2016,0.6261,0.6246,0.6235,0.6212
05-01-2016,0.6246,0.6246,0.6246,0.6246
04-29-2016,0.625,0.614,0.6245,0.6133
04-28-2016,0.6163,0.595,0.6142,0.5932
04-27-2016,0.5997,0.5964,0.5954,0.5945
04-26-2016,0.6029,0.5995,0.5965,0.5955
04-25-2016,0.6012,0.5972,0.5997,0.5954
04-24-2016,0.5964,0.5964,0.5964,0.5964
04-22-2016,0.6088,0.6072,0.5963,0.5958
04-21-2016,0.608,0.602,0.6075,0.6019
04-20-2016,0.6096,0.6056,0.6024,0.6017
04-19-2016,0.6108,0.6101,0.6058,0.604
04-18-2016,0.6182,0.6156,0.6103,0.6096
04-15-2016,0.6133,0.6085,0.6129,0.6067
04-14-2016,0.6117,0.608,0.6088,0.6071
04-13-2016,0.6119,0.6105,0.6081,0.6076
04-12-2016,0.6152,0.6139,0.6106,0.6094
04-11-2016,0.6186,0.6156,0.6141,0.6121
04-08-2016,0.6177,0.6167,0.6159,0.6107
04-07-2016,0.6192,0.6057,0.6169,0.6052
04-06-2016,0.6088,0.6019,0.6058,0.6
04-05-2016,0.6038,0.5936,0.6019,0.5933
04-04-2016,0.5962,0.5938,0.5938,0.5919
04-01-2016,0.5947,0.5885,0.5944,0.5883
03-31-2016,0.5913,0.5903,0.5885,0.5878
03-30-2016,0.5922,0.5889,0.5904,0.5881
03-29-2016,0.5897,0.5869,0.589,0.584
03-28-2016,0.5912,0.5906,0.5871,0.5861
03-25-2016,0.5935,0.5924,0.591,0.59
03-24-2016,0.5958,0.5954,0.5926,0.5917
03-23-2016,0.5962,0.5939,0.5956,0.5909
03-22-2016,0.6001,0.5939,0.594,0.5924
03-21-2016,0.5979,0.5948,0.594,0.5937
03-18-2016,0.6012,0.5979,0.595,0.5935
03-17-2016,0.6028,0.5965,0.5981,0.593
03-16-2016,0.5981,0.5952,0.5966,0.5906
03-15-2016,0.5985,0.5897,0.5953,0.5894
03-14-2016,0.5915,0.588,0.5899,0.5869
03-11-2016,0.5969,0.5946,0.5879,0.5878
03-10-2016,0.5974,0.5917,0.5949,0.5845
03-09-2016,0.5996,0.5977,0.5919,0.5915
03-08-2016,0.599,0.5902,0.5978,0.5902
03-07-2016,0.5923,0.5884,0.5904,0.587
03-04-2016,0.5935,0.5903,0.5885,0.5861
03-03-2016,0.5942,0.5937,0.5904,0.5889
03-02-2016,0.5956,0.5941,0.594,0.5894
03-01-2016,0.6085,0.6051,0.5942,0.5931
02-29-2016,0.6096,0.6036,0.6053,0.6026
02-26-2016,0.611,0.6084,0.6029,0.6028
02-25-2016,0.6136,0.6099,0.6086,0.6081
02-24-2016,0.6169,0.6114,0.61,0.6097
02-23-2016,0.6138,0.6069,0.6115,0.6064
02-22-2016,0.611,0.6094,0.6069,0.6049
02-19-2016,0.6104,0.6051,0.609,0.6045
02-18-2016,0.6058,0.5987,0.6053,0.5977
02-17-2016,0.6055,0.6002,0.5988,0.5971
02-16-2016,0.6028,0.5946,0.6003,0.593
02-15-2016,0.6026,0.6014,0.5947,0.5933
02-12-2016,0.6124,0.6089,0.6016,0.5998
02-11-2016,0.6158,0.5985,0.609,0.5971
02-10-2016,0.5998,0.5897,0.5987,0.5889
02-09-2016,0.5961,0.5872,0.5898,0.5871
02-08-2016,0.5903,0.5804,0.5873,0.5768
02-05-2016,0.5804,0.5783,0.5801,0.5759
02-04-2016,0.5801,0.576,0.5785,0.5735
02-03-2016,0.5804,0.5664,0.5762,0.5663
02-02-2016,0.567,0.5605,0.5666,0.5602
02-01-2016,0.5626,0.5605,0.5606,0.5571
01-29-2016,0.5747,0.5725,0.5607,0.5574
01-28-2016,0.576,0.574,0.5728,0.5716
01-27-2016,0.5764,0.5718,0.5742,0.5712
01-26-2016,0.5765,0.5726,0.572,0.5707
01-25-2016,0.5738,0.5694,0.5728,0.568
01-22-2016,0.5771,0.5757,0.5687,0.568
01-21-2016,0.5847,0.5809,0.576,0.5756
01-20-2016,0.5878,0.5756,0.5812,0.5754
01-19-2016,0.5778,0.5765,0.5758,0.5721
01-18-2016,0.5815,0.5789,0.5766,0.5751
01-15-2016,0.5824,0.57,0.579,0.5688
01-14-2016,0.5742,0.5684,0.5703,0.567
01-13-2016,0.5692,0.5688,0.5686,0.5638
01-12-2016,0.5713,0.5667,0.569,0.5658
01-11-2016,0.5733,0.5691,0.567,0.5655
01-08-2016,0.5697,0.5682,0.5692,0.5612
01-07-2016,0.5702,0.5628,0.5684,0.5618
01-06-2016,0.5653,0.5584,0.5629,0.558
01-05-2016,0.5606,0.5573,0.5583,0.5554
01-04-2016,0.5612,0.5504,0.5574,0.5495
01-01-2016,0.5507,0.5501,0.5505,0.5494
12-31-2015,0.5521,0.5515,0.5503,0.5488
12-30-2015,0.5521,0.5497,0.5516,0.5494
12-29-2015,0.5518,0.5491,0.5498,0.549
12-28-2015,0.5508,0.5487,0.5493,0.5476
12-25-2015,0.5501,0.5474,0.5483,0.5472
12-24-2015,0.5494,0.546,0.5476,0.5459
12-23-2015,0.5481,0.5469,0.546,0.5454
12-22-2015,0.549,0.5466,0.5471,0.5461
12-21-2015,0.5481,0.5467,0.5467,0.5455
12-18-2015,0.5483,0.5417,0.5465,0.5383
12-17-2015,0.5454,0.5438,0.5419,0.5396
12-16-2015,0.5506,0.5493,0.544,0.5426
12-15-2015,0.5562,0.5542,0.5495,0.5484
12-14-2015,0.5576,0.5546,0.5544,0.5517
12-11-2015,0.5566,0.5489,0.5556,0.5462
12-10-2015,0.5512,0.5502,0.549,0.5476
12-09-2015,0.5526,0.5437,0.5506,0.5428
12-08-2015,0.5444,0.5411,0.5438,0.5409
12-07-2015,0.5421,0.5409,0.5412,0.5396
12-04-2015,0.5465,0.5445,0.541,0.5406
12-03-2015,0.5461,0.5403,0.5447,0.5394
12-02-2015,0.5415,0.5405,0.5403,0.538
12-01-2015,0.5422,0.5397,0.5407,0.5392
11-30-2015,0.5455,0.5438,0.5399,0.5387
11-27-2015,0.546,0.5427,0.5447,0.5422
11-26-2015,0.5438,0.5407,0.5428,0.5406
11-25-2015,0.5427,0.5406,0.5408,0.5394
11-24-2015,0.5434,0.5403,0.5408,0.5396
11-23-2015,0.5407,0.5378,0.5405,0.5361
11-20-2015,0.5397,0.5378,0.5374,0.5366
11-19-2015,0.539,0.5339,0.5379,0.5339
11-18-2015,0.538,0.5345,0.5341,0.5339
11-17-2015,0.5362,0.5349,0.5344,0.5338
11-16-2015,0.5412,0.5401,0.5349,0.5344
11-13-2015,0.5405,0.5386,0.5386,0.5371
11-12-2015,0.539,0.5376,0.5387,0.5362
11-11-2015,0.5394,0.5374,0.5378,0.5363
11-10-2015,0.5403,0.5395,0.5374,0.5365
11-09-2015,0.5406,0.5366,0.5396,0.5354
11-06-2015,0.5415,0.5408,0.537,0.5352
11-05-2015,0.5419,0.5395,0.541,0.5387
11-04-2015,0.5419,0.5416,0.5397,0.5373
11-03-2015,0.5444,0.5428,0.5417,0.5404
11-02-2015,0.5447,0.542,0.5429,0.5419
10-30-2015,0.5435,0.5402,0.5424,0.5368
10-29-2015,0.5407,0.5362,0.5403,0.5359
10-28-2015,0.5413,0.5404,0.5363,0.5355
10-27-2015,0.5414,0.5359,0.5405,0.5358
10-26-2015,0.5381,0.5341,0.5361,0.5338
10-23-2015,0.5399,0.5373,0.5342,0.5339
10-22-2015,0.5445,0.543,0.5374,0.5369
10-21-2015,0.5445,0.5425,0.5431,0.5416
10-20-2015,0.5441,0.5431,0.5426,0.5411
10-19-2015,0.5444,0.5413,0.5433,0.5413
10-16-2015,0.5462,0.5447,0.5417,0.5405
10-15-2015,0.549,0.5446,0.5449,0.543
10-14-2015,0.546,0.5434,0.5447,0.5424
10-13-2015,0.5447,0.5395,0.5437,0.5393
10-12-2015,0.5403,0.5384,0.5399,0.5381
10-09-2015,0.5423,0.5402,0.5386,0.5375
10-08-2015,0.5442,0.5407,0.5404,0.5402
10-07-2015,0.5454,0.5416,0.5408,0.5395
10-06-2015,0.5448,0.5407,0.5416,0.5403
10-05-2015,0.5453,0.5445,0.5407,0.5398
10-02-2015,0.5517,0.547,0.5451,0.5435
10-01-2015,0.549,0.5464,0.5472,0.5445
09-30-2015,0.5504,0.5497,0.5466,0.5447
09-29-2015,0.5561,0.5524,0.5499,0.5489
09-28-2015,0.5535,0.5486,0.5526,0.5483
09-25-2015,0.5519,0.5504,0.5488,0.5452
09-24-2015,0.5567,0.5501,0.5505,0.5489
09-23-2015,0.5526,0.5483,0.5501,0.5471
09-22-2015,0.5508,0.5446,0.5485,0.544
09-21-2015,0.5508,0.5492,0.5449,0.544
09-18-2015,0.5535,0.5508,0.549,0.5476
09-17-2015,0.5516,0.549,0.5506,0.5462
09-16-2015,0.5537,0.5516,0.5492,0.5482
09-15-2015,0.5565,0.5509,0.5517,0.5493
09-14-2015,0.5535,0.5494,0.551,0.548
09-11-2015,0.5524,0.5494,0.5494,0.5481
09-10-2015,0.5552,0.5527,0.5497,0.5475
09-09-2015,0.5539,0.5531,0.5528,0.548
09-08-2015,0.5619,0.5607,0.5533,0.5528
09-07-2015,0.5616,0.5611,0.5608,0.5572
09-04-2015,0.5622,0.5503,0.5603,0.5497
09-03-2015,0.5535,0.5501,0.5504,0.5484
09-02-2015,0.5574,0.5559,0.5502,0.5498
09-01-2015,0.5565,0.5477,0.556,0.5474
08-31-2015,0.549,0.5435,0.5478,0.5432
08-28-2015,0.5487,0.5449,0.5435,0.5432
08-27-2015,0.5519,0.5502,0.545,0.5435
08-26-2015,0.5597,0.5576,0.5504,0.5498
08-25-2015,0.5651,0.5641,0.5576,0.5473
08-24-2015,0.5737,0.5424,0.5642,0.541
08-21-2015,0.5421,0.5301,0.5412,0.5296
08-20-2015,0.5314,0.5256,0.5302,0.5247
08-19-2015,0.5271,0.526,0.5259,0.5235
08-18-2015,0.5267,0.5259,0.5262,0.5244
08-17-2015,0.5265,0.5235,0.526,0.5231
08-14-2015,0.5255,0.5238,0.5239,0.5221
08-13-2015,0.5258,0.522,0.524,0.5192
08-12-2015,0.5238,0.5139,0.5222,0.5137
08-11-2015,0.5158,0.5115,0.5141,0.5106
08-10-2015,0.5135,0.5131,0.5117,0.5111
08-07-2015,0.514,0.5106,0.5131,0.5101
08-06-2015,0.5117,0.5099,0.5108,0.5097
08-05-2015,0.514,0.5128,0.5099,0.5095
08-04-2015,0.5177,0.5173,0.5129,0.5125
08-03-2015,0.5178,0.5157,0.5174,0.5147
07-31-2015,0.5188,0.5164,0.5162,0.515
07-30-2015,0.5169,0.5149,0.5166,0.5141
07-29-2015,0.5181,0.5162,0.5149,0.5143
07-28-2015,0.5219,0.5207,0.5163,0.5155
07-27-2015,0.5222,0.5179,0.5209,0.5174
07-24-2015,0.5186,0.5157,0.5177,0.5147
07-23-2015,0.5163,0.5126,0.5158,0.5124
07-22-2015,0.5147,0.5131,0.5128,0.512
07-21-2015,0.5137,0.5117,0.5133,0.5107
07-20-2015,0.5128,0.5114,0.5119,0.511
07-17-2015,0.5124,0.5112,0.5117,0.5106
07-16-2015,0.5133,0.513,0.5112,0.5108
07-15-2015,0.5144,0.5127,0.5131,0.5119
07-14-2015,0.5157,0.5139,0.5129,0.5125
07-13-2015,0.5192,0.519,0.514,0.5135
07-10-2015,0.5226,0.5217,0.5162,0.5151
07-09-2015,0.5269,0.5256,0.5219,0.521
07-08-2015,0.5272,0.5178,0.5258,0.5177
07-07-2015,0.5208,0.516,0.5181,0.5156
07-06-2015,0.5209,0.5193,0.5161,0.5152
07-03-2015,0.5174,0.5142,0.5163,0.5141
07-02-2015,0.5165,0.5158,0.5144,0.5131
07-01-2015,0.5203,0.5191,0.5159,0.5156
06-30-2015,0.523,0.5198,0.5192,0.5187
06-29-2015,0.5225,0.5172,0.5199,0.5156
06-26-2015,0.5162,0.5137,0.5123,0.5119
06-25-2015,0.5156,0.5128,0.5138,0.5125
06-24-2015,0.5145,0.5131,0.5129,0.5106
06-23-2015,0.5151,0.5147,0.5131,0.5124
06-22-2015,0.5182,0.517,0.5149,0.5141
06-19-2015,0.5194,0.5169,0.5176,0.5154
06-18-2015,0.5206,0.5184,0.5171,0.5162
06-17-2015,0.5208,0.52,0.5186,0.5149
06-16-2015,0.5215,0.5191,0.5201,0.5172
06-15-2015,0.5206,0.5194,0.5192,0.5178
06-12-2015,0.5203,0.518,0.5196,0.5171
06-11-2015,0.5204,0.5197,0.5182,0.5152
06-10-2015,0.5216,0.5146,0.5198,0.513
06-09-2015,0.5162,0.5135,0.5148,0.5125
06-08-2015,0.5151,0.5075,0.5137,0.5072
06-05-2015,0.5147,0.5142,0.5076,0.5066
06-04-2015,0.5178,0.5149,0.5142,0.5129
06-03-2015,0.516,0.513,0.5151,0.5125
06-02-2015,0.5151,0.5095,0.5131,0.5091
06-01-2015,0.5144,0.5134,0.5097,0.5089
05-29-2015,0.5167,0.5143,0.5135,0.5128
05-28-2015,0.5176,0.516,0.5144,0.5124
05-27-2015,0.5221,0.5196,0.5162,0.5151
05-26-2015,0.5237,0.5222,0.5197,0.5184
05-25-2015,0.524,0.5223,0.5224,0.5213
05-22-2015,0.5271,0.5252,0.5224,0.5216
05-21-2015,0.5271,0.524,0.5253,0.5237
05-20-2015,0.529,0.5281,0.524,0.5238
05-19-2015,0.532,0.5308,0.5283,0.5278
05-18-2015,0.5328,0.5316,0.531,0.5295
05-15-2015,0.5327,0.5317,0.5318,0.5295
05-14-2015,0.5378,0.537,0.5319,0.5314
05-13-2015,0.5375,0.535,0.5372,0.5335
05-12-2015,0.5367,0.5329,0.5351,0.5324
05-11-2015,0.534,0.5322,0.5331,0.5313
05-08-2015,0.536,0.535,0.5317,0.5311
05-07-2015,0.5399,0.5323,0.5351,0.5323
05-06-2015,0.5342,0.5285,0.5326,0.5277
05-05-2015,0.5298,0.5285,0.5286,0.526
05-04-2015,0.5308,0.53,0.5287,0.5283
05-01-2015,0.5322,0.532,0.5303,0.5288
04-30-2015,0.5366,0.5331,0.5322,0.5301
04-29-2015,0.5353,0.5304,0.5331,0.5295
04-28-2015,0.5329,0.532,0.5305,0.5297
04-27-2015,0.5362,0.5348,0.5322,0.5307
04-24-2015,0.5358,0.529,0.5351,0.5283
04-23-2015,0.5297,0.525,0.5291,0.5239
04-22-2015,0.5274,0.525,0.5253,0.5243
04-21-2015,0.5299,0.5295,0.5253,0.524
04-20-2015,0.5299,0.5262,0.5297,0.5251
04-17-2015,0.5265,0.5234,0.526,0.5228
04-16-2015,0.5247,0.5232,0.5237,0.5215
04-15-2015,0.5249,0.5214,0.5233,0.5207
04-14-2015,0.523,0.5193,0.5216,0.519
04-13-2015,0.521,0.5178,0.5194,0.5165
04-10-2015,0.5192,0.5166,0.5179,0.5162
04-09-2015,0.5192,0.5175,0.5167,0.5157
04-08-2015,0.5208,0.5179,0.5177,0.5174
04-07-2015,0.5219,0.5203,0.5179,0.5165
04-06-2015,0.5233,0.5207,0.5204,0.5194
04-03-2015,0.5224,0.5183,0.5208,0.518
04-02-2015,0.521,0.5186,0.5185,0.5178
04-01-2015,0.5222,0.5184,0.5188,0.5179
03-31-2015,0.5222,0.5204,0.5185,0.5183
03-30-2015,0.5258,0.5246,0.5206,0.5193
03-27-2015,0.5277,0.5271,0.5248,0.5227
03-26-2015,0.5301,0.5222,0.5272,0.522
03-25-2015,0.5231,0.5206,0.5222,0.5197
03-24-2015,0.5223,0.5195,0.5206,0.5189
03-23-2015,0.5208,0.5197,0.5197,0.5183
03-20-2015,0.5204,0.5172,0.5199,0.5152
03-19-2015,0.5239,0.5219,0.5173,0.5161
03-18-2015,0.5251,0.5159,0.5221,0.5156
03-17-2015,0.5177,0.5172,0.516,0.5155
03-16-2015,0.5202,0.5195,0.5174,0.5169
03-13-2015,0.5208,0.5155,0.5197,0.5137
03-12-2015,0.5179,0.5167,0.5156,0.5143
03-11-2015,0.519,0.5176,0.5169,0.5158
03-10-2015,0.5191,0.5169,0.5178,0.5138
03-09-2015,0.519,0.5168,0.517,0.5158
03-06-2015,0.5205,0.5191,0.5169,0.5148
03-05-2015,0.5212,0.5205,0.5192,0.5168
03-04-2015,0.5217,0.5162,0.5206,0.5153
03-03-2015,0.5177,0.5148,0.5163,0.5145
03-02-2015,0.5178,0.5149,0.5149,0.514
02-27-2015,0.5193,0.5168,0.5158,0.5145
02-26-2015,0.5217,0.5203,0.5169,0.5163
02-25-2015,0.5237,0.5224,0.5204,0.5196
02-24-2015,0.5238,0.5231,0.5226,0.5189
02-23-2015,0.5238,0.5216,0.5232,0.5207
02-20-2015,0.5265,0.5223,0.5218,0.5209
02-19-2015,0.5239,0.5223,0.5224,0.521
02-18-2015,0.5245,0.521,0.5224,0.5206
02-17-2015,0.526,0.524,0.5212,0.5197
02-16-2015,0.5258,0.5225,0.5242,0.522
02-13-2015,0.5249,0.5216,0.5228,0.5213
02-12-2015,0.5248,0.5178,0.5218,0.5176
02-11-2015,0.5224,0.5217,0.5178,0.5177
02-10-2015,0.5249,0.5237,0.5219,0.5201
02-09-2015,0.5249,0.5205,0.5238,0.52
02-06-2015,0.5271,0.5248,0.5208,0.5192
02-05-2015,0.5289,0.5272,0.525,0.5243
02-04-2015,0.5279,0.5237,0.5274,0.522
02-03-2015,0.5283,0.5246,0.5239,0.5233
02-02-2015,0.5315,0.5277,0.5249,0.5241
01-30-2015,0.5288,0.5223,0.5281,0.5215
01-29-2015,0.5253,0.5217,0.5224,0.5193
01-28-2015,0.5232,0.5208,0.522,0.5188
01-27-2015,0.5228,0.5188,0.521,0.5179
01-26-2015,0.524,0.5214,0.519,0.5186
01-23-2015,0.5233,0.5197,0.5217,0.5177
01-22-2015,0.5254,0.5217,0.5199,0.5189
01-21-2015,0.5255,0.5188,0.5219,0.5186
01-20-2015,0.5244,0.5241,0.519,0.5185
01-19-2015,0.5292,0.5258,0.5243,0.5231
01-16-2015,0.5358,0.5341,0.5259,0.5253
01-15-2015,0.5342,0.5291,0.5342,0.5223
01-14-2015,0.5349,0.5253,0.5292,0.5252
01-13-2015,0.5274,0.5245,0.5256,0.5219
01-12-2015,0.5279,0.5259,0.5245,0.5206
01-09-2015,0.5266,0.5236,0.5261,0.5205
01-08-2015,0.531,0.5304,0.5238,0.5222
01-07-2015,0.537,0.5369,0.5306,0.5289
01-06-2015,0.5385,0.5294,0.5369,0.5293
01-05-2015,0.5317,0.525,0.5294,0.5245
01-02-2015,0.5293,0.5287,0.5252,0.5239
01-01-2015,0.5302,0.5265,0.5289,0.5265
12-31-2014,0.5315,0.5303,0.5266,0.5254
12-30-2014,0.5337,0.5275,0.5305,0.5274
12-29-2014,0.5299,0.5278,0.5276,0.5268
12-26-2014,0.5297,0.5288,0.5279,0.5273
12-25-2014,0.5293,0.527,0.5289,0.527
12-24-2014,0.5281,0.5254,0.5272,0.5251
12-23-2014,0.5303,0.5296,0.5256,0.5243
12-22-2014,0.5303,0.529,0.5262,0.5258
12-19-2014,0.5323,0.5299,0.5292,0.5276
12-18-2014,0.5365,0.5352,0.5301,0.5277
12-17-2014,0.5474,0.5466,0.5353,0.5341
12-16-2014,0.551,0.536,0.5469,0.5322
12-15-2014,0.5375,0.5251,0.5362,0.5232
12-12-2014,0.529,0.5265,0.5263,0.5217
12-11-2014,0.5287,0.5269,0.5265,0.5224
12-10-2014,0.5276,0.5169,0.5274,0.5148
12-09-2014,0.5246,0.5121,0.517,0.5107
12-08-2014,0.5144,0.5095,0.5122,0.5079
12-05-2014,0.5162,0.5157,0.5099,0.5086
12-04-2014,0.5178,0.5163,0.5158,0.5144
12-03-2014,0.52,0.5183,0.5164,0.5158
12-02-2014,0.524,0.5232,0.5183,0.518
12-01-2014,0.5261,0.5238,0.5233,0.5212
11-28-2014,0.5258,0.5254,0.5244,0.5219
11-27-2014,0.5281,0.5247,0.5256,0.5245
11-26-2014,0.5264,0.5242,0.5249,0.5241
11-25-2014,0.5262,0.5229,0.5244,0.5215
11-24-2014,0.5253,0.5243,0.5231,0.5219
11-21-2014,0.5277,0.5237,0.5243,0.5228
11-20-2014,0.5258,0.5249,0.5238,0.522
11-19-2014,0.5283,0.528,0.5251,0.5245
11-18-2014,0.5308,0.53,0.5281,0.5274
11-17-2014,0.5344,0.5302,0.5301,0.527
11-14-2014,0.5322,0.5319,0.5308,0.5287
11-13-2014,0.5336,0.5313,0.5322,0.5303
11-12-2014,0.5348,0.5311,0.5315,0.53
11-11-2014,0.5365,0.5351,0.5313,0.5305
11-10-2014,0.5399,0.5373,0.5353,0.5349
11-07-2014,0.5385,0.5337,0.5371,0.5324
11-06-2014,0.5382,0.5357,0.5338,0.5316
11-05-2014,0.5414,0.5402,0.5359,0.5351
11-04-2014,0.5426,0.5384,0.5404,0.5383
11-03-2014,0.546,0.5458,0.5385,0.5373
10-31-2014,0.5628,0.5624,0.5467,0.5462
10-30-2014,0.5648,0.5627,0.5626,0.561
10-29-2014,0.5683,0.5655,0.5629,0.5622
10-28-2014,0.5699,0.5684,0.5658,0.5653
10-27-2014,0.5698,0.5654,0.5686,0.5643
10-24-2014,0.5676,0.5648,0.5656,0.5645
10-23-2014,0.5714,0.571,0.565,0.5643
10-22-2014,0.5736,0.5712,0.5712,0.5697
10-21-2014,0.577,0.5724,0.5715,0.5711
10-20-2014,0.5746,0.5735,0.5726,0.5696
10-17-2014,0.5821,0.5814,0.5742,0.5735
10-16-2014,0.5867,0.5792,0.5815,0.5779
10-15-2014,0.5835,0.5734,0.5794,0.5695
10-14-2014,0.576,0.5708,0.5735,0.5682
10-13-2014,0.5725,0.5693,0.5709,0.5672
10-10-2014,0.5697,0.566,0.5692,0.5651
10-09-2014,0.5689,0.5676,0.5662,0.563
10-08-2014,0.5689,0.5673,0.5677,0.5644
10-07-2014,0.5687,0.5656,0.5674,0.562
10-06-2014,0.5665,0.5604,0.5657,0.56
10-03-2014,0.568,0.5674,0.5607,0.5598
10-02-2014,0.5699,0.5666,0.5676,0.565
10-01-2014,0.5671,0.5647,0.5669,0.56
09-30-2014,0.5656,0.5621,0.5649,0.5619
09-29-2014,0.5644,0.5598,0.5622,0.5582
09-26-2014,0.5654,0.5639,0.5595,0.5581
09-25-2014,0.5652,0.5587,0.564,0.557
09-24-2014,0.5629,0.5605,0.559,0.5581
09-23-2014,0.5631,0.5597,0.5607,0.5595
09-22-2014,0.5604,0.5579,0.5599,0.5569
09-19-2014,0.5598,0.5588,0.5581,0.5547
09-18-2014,0.5638,0.5618,0.5588,0.5581
09-17-2014,0.5703,0.5698,0.562,0.5618
09-16-2014,0.5717,0.57,0.57,0.5687
09-15-2014,0.5706,0.5654,0.5701,0.5648
09-12-2014,0.5696,0.5688,0.5651,0.5647
09-11-2014,0.5713,0.57,0.5689,0.5672
09-10-2014,0.5728,0.5705,0.5703,0.5696
09-09-2014,0.5715,0.5683,0.5707,0.5666
09-08-2014,0.5757,0.5747,0.5685,0.5678
09-05-2014,0.5769,0.5733,0.5747,0.5708
09-04-2014,0.5774,0.5771,0.5734,0.5726
09-03-2014,0.5776,0.5774,0.5772,0.574
09-02-2014,0.5803,0.58,0.5776,0.5766
09-01-2014,0.5815,0.5813,0.58,0.5797
08-29-2014,0.5839,0.5831,0.5815,0.581
08-28-2014,0.586,0.5819,0.5833,0.5815
08-27-2014,0.5826,0.5805,0.5821,0.58
08-26-2014,0.5833,0.582,0.5808,0.5799
08-25-2014,0.5833,0.5791,0.5821,0.5788
08-22-2014,0.5851,0.584,0.5817,0.5802
08-21-2014,0.586,0.5841,0.5844,0.5828
08-20-2014,0.5907,0.5894,0.5842,0.5835
08-19-2014,0.5926,0.5924,0.5897,0.5893
08-18-2014,0.5949,0.5943,0.5926,0.5921
08-15-2014,0.5951,0.593,0.5938,0.5914
08-14-2014,0.5965,0.5961,0.5931,0.5924
08-13-2014,0.5994,0.5972,0.5965,0.5959
08-12-2014,0.5988,0.5984,0.5974,0.5965
08-11-2014,0.6002,0.599,0.5986,0.5972
08-08-2014,0.6067,0.5997,0.5991,0.5988
08-07-2014,0.6028,0.6022,0.5999,0.5978
08-06-2014,0.6043,0.5929,0.6023,0.5926
08-05-2014,0.5948,0.5941,0.5931,0.591
08-04-2014,0.5972,0.5966,0.594,0.5929
08-01-2014,0.5983,0.589,0.5965,0.5881
07-31-2014,0.5895,0.5842,0.5891,0.5836
07-30-2014,0.5899,0.5885,0.5844,0.5825
07-29-2014,0.5903,0.5898,0.5888,0.5883
07-28-2014,0.591,0.5899,0.5899,0.5894
07-25-2014,0.5915,0.5903,0.5897,0.5889
07-24-2014,0.5924,0.5911,0.5906,0.5897
07-23-2014,0.594,0.5921,0.5915,0.5908
07-22-2014,0.5942,0.5941,0.5924,0.5914
07-21-2014,0.5958,0.5945,0.5941,0.5939
07-18-2014,0.5966,0.5947,0.5949,0.5933
07-17-2014,0.5952,0.5913,0.5949,0.5901
07-16-2014,0.5924,0.5911,0.5913,0.5905
07-15-2014,0.5929,0.5919,0.5913,0.59
07-14-2014,0.5934,0.5924,0.5921,0.5908
07-11-2014,0.5953,0.5938,0.5928,0.5912
07-10-2014,0.5956,0.5877,0.594,0.5866
07-09-2014,0.5899,0.5881,0.5881,0.5864
07-08-2014,0.5895,0.5883,0.5883,0.5857
07-07-2014,0.5899,0.5853,0.5887,0.5842
07-04-2014,0.5863,0.5845,0.5849,0.5839
07-03-2014,0.5873,0.5864,0.5846,0.584
07-02-2014,0.5917,0.5914,0.5865,0.5859
07-01-2014,0.5936,0.5924,0.5916,0.591
06-30-2014,0.5947,0.5918,0.5928,0.5913
06-27-2014,0.5937,0.5916,0.5923,0.5914
06-26-2014,0.5935,0.5896,0.5919,0.5895
06-25-2014,0.5927,0.5897,0.5898,0.5894
06-24-2014,0.5906,0.5899,0.5899,0.5885
06-23-2014,0.5922,0.5891,0.5901,0.5884
06-20-2014,0.5926,0.5893,0.5896,0.5887
06-19-2014,0.5918,0.5914,0.5895,0.5871
