06-05-2019,69.385,69.423,69.334,69.178,0.14%
06-04-2019,69.291,69.343,69.068,69.033,0.17%
06-03-2019,69.171,69.622,69.618,69.128,-0.59%
06-02-2019,69.58,69.58,69.58,69.58,0.00%
05-31-2019,69.58,69.927,69.839,69.58,-0.35%
05-30-2019,69.825,69.935,69.835,69.703,-0.03%
05-29-2019,69.845,70.003,69.587,69.579,0.34%
05-28-2019,69.61,69.755,69.516,69.516,0.15%
05-27-2019,69.504,69.633,69.412,69.362,0.19%
05-26-2019,69.37,69.37,69.37,69.37,-0.01%
05-24-2019,69.38,69.811,69.699,69.377,-0.41%
05-23-2019,69.665,70.065,69.666,69.375,0.02%
05-22-2019,69.65,69.811,69.668,69.614,0.01%
05-21-2019,69.645,69.825,69.817,69.62,0.05%
05-20-2019,69.609,69.778,69.405,69.373,-0.97%
05-19-2019,70.291,70.348,70.348,70.291,0.02%
05-17-2019,70.28,70.288,70.22,70.067,0.21%
05-16-2019,70.13,70.342,70.219,69.966,-0.17%
05-15-2019,70.249,70.442,70.322,70.174,-0.12%
05-14-2019,70.332,70.616,70.596,70.252,-0.34%
05-13-2019,70.57,70.651,70.015,69.984,0.91%
05-12-2019,69.933,69.933,69.933,69.933,-0.12%
05-10-2019,70.015,70.114,70.091,69.756,-0.26%
05-09-2019,70.2,70.276,69.719,69.719,0.69%
05-08-2019,69.72,69.751,69.596,69.448,0.11%
05-07-2019,69.645,69.646,69.421,69.285,0.38%
05-06-2019,69.38,69.485,69.31,69.31,0.29%
05-05-2019,69.178,69.178,69.178,69.178,0.12%
05-03-2019,69.096,69.441,69.436,69.096,-0.45%
05-02-2019,69.41,69.634,69.62,69.32,-0.19%
05-01-2019,69.545,69.603,69.601,69.466,-0.15%
04-30-2019,69.647,69.913,69.831,69.536,-0.24%
04-29-2019,69.817,69.895,69.879,69.796,-0.05%
04-28-2019,69.852,69.852,69.851,69.851,0.00%
04-26-2019,69.85,70.247,70.173,69.81,-0.46%
04-25-2019,70.17,70.335,70.01,69.92,0.30%
04-24-2019,69.96,70,69.779,69.763,0.27%
04-23-2019,69.77,69.84,69.63,69.54,0.10%
04-22-2019,69.7,69.906,69.366,69.366,0.48%
04-21-2019,69.37,69.39,69.39,69.37,-0.05%
04-19-2019,69.407,69.429,69.416,69.355,0.02%
04-18-2019,69.395,69.619,69.417,69.33,-0.05%
04-17-2019,69.431,69.57,69.547,69.362,-0.14%
04-16-2019,69.53,69.69,69.422,69.422,0.19%
04-15-2019,69.395,69.483,69.174,69.045,0.32%
04-14-2019,69.171,69.171,69.171,69.171,-0.03%
04-12-2019,69.19,69.39,69.03,69.03,0.25%
04-11-2019,69.02,69.222,69.164,68.837,-0.19%
04-10-2019,69.15,69.366,69.258,69.09,-0.19%
04-09-2019,69.28,69.74,69.538,69.248,-0.40%
04-08-2019,69.555,69.72,69.335,69.335,0.56%
04-07-2019,69.17,69.231,69.231,69.17,0.00%
04-05-2019,69.17,69.338,68.992,68.986,0.28%
04-04-2019,68.98,69.22,68.54,68.52,0.77%
04-03-2019,68.45,68.835,68.73,68.39,-0.68%
04-02-2019,68.92,69.39,69.28,68.72,-0.41%
04-01-2019,69.205,69.424,69.356,69.185,-0.34%
03-31-2019,69.44,69.44,69.44,69.44,0.37%
03-29-2019,69.185,69.32,69.178,69.042,-0.01%
03-28-2019,69.19,69.38,69.124,68.95,0.13%
03-27-2019,69.1,69.187,69.039,68.78,0.15%
03-26-2019,68.996,69.017,68.931,68.778,0.15%
03-25-2019,68.89,69.176,69.159,68.795,-0.41%
03-24-2019,69.171,69.171,69.171,69.171,0.00%
03-22-2019,69.17,69.17,68.65,68.54,0.52%
03-21-2019,68.81,68.81,68.565,68.51,0.03%
03-20-2019,68.79,69.176,69.027,68.731,-0.33%
03-19-2019,69.015,69.067,68.619,68.35,0.57%
03-18-2019,68.625,68.959,68.959,68.431,-0.49%
03-17-2019,68.963,68.963,68.963,68.963,0.00%
03-15-2019,68.963,69.372,69.357,68.935,-0.58%
03-14-2019,69.365,69.755,69.525,69.255,-0.24%
03-13-2019,69.529,69.794,69.607,69.419,-0.14%
03-12-2019,69.625,69.821,69.821,69.491,-0.32%
03-11-2019,69.85,70.041,70.028,69.808,-0.21%
03-10-2019,69.997,70.011,70.011,69.997,-0.02%
03-08-2019,70.011,70.246,70.111,69.826,-0.15%
03-07-2019,70.116,70.152,70.151,69.95,0.05%
03-06-2019,70.08,70.692,70.479,70.022,-0.58%
03-05-2019,70.49,70.975,70.963,70.448,-0.59%
03-04-2019,70.91,70.923,70.815,70.8,-0.13%
03-03-2019,71,71,71,71,0.00%
03-01-2019,71,71,70.811,70.715,0.23%
02-28-2019,70.84,71.271,71.231,70.713,-0.51%
02-27-2019,71.2,71.491,71.01,70.929,0.34%
02-26-2019,70.96,71.346,70.829,70.809,0.18%
02-25-2019,70.835,71.103,71.034,70.826,-0.29%
02-24-2019,71.041,71.041,71.035,71.035,0.01%
02-22-2019,71.035,71.265,71.195,71.035,-0.18%
02-21-2019,71.165,71.28,71.061,70.925,0.22%
02-20-2019,71.01,71.344,71.32,70.933,-0.41%
02-19-2019,71.3,71.602,71.351,71.251,-0.12%
02-18-2019,71.386,71.537,71.335,71.326,0.08%
02-17-2019,71.33,71.33,71.33,71.33,0.00%
02-15-2019,71.33,71.464,71.028,71.028,0.44%
02-14-2019,71.02,71.233,70.869,70.8,0.20%
02-13-2019,70.875,70.88,70.541,70.397,0.48%
02-12-2019,70.535,71.254,71.254,70.515,-0.85%
02-11-2019,71.14,71.301,71.24,71.038,-0.03%
02-10-2019,71.16,71.175,71.175,71.16,-0.02%
02-08-2019,71.175,71.434,71.395,71.015,-0.18%
02-07-2019,71.3,71.769,71.639,71.271,-0.35%
02-06-2019,71.55,71.683,71.52,71.492,0.03%
02-05-2019,71.53,71.812,71.714,71.528,-0.25%
02-04-2019,71.71,71.845,71.469,71.462,0.35%
02-03-2019,71.462,71.462,71.462,71.462,0.04%
02-01-2019,71.435,71.485,71.115,70.952,0.67%
01-31-2019,70.96,71.215,70.959,70.865,-0.39%
01-30-2019,71.235,71.423,71.423,71.123,-0.22%
01-29-2019,71.39,71.461,71.085,71.026,0.45%
01-28-2019,71.07,71.196,70.92,70.915,0.12%
01-27-2019,70.985,70.985,70.9,70.9,0.12%
01-25-2019,70.9,71.25,71.04,70.89,-0.14%
01-24-2019,71,71.315,71.147,70.955,-0.27%
01-23-2019,71.19,71.37,71.24,71.115,-0.10%
01-22-2019,71.26,71.466,71.197,71.165,0.10%
01-21-2019,71.188,71.538,71.205,71.14,-0.07%
01-20-2019,71.24,71.255,71.255,71.24,0.04%
01-18-2019,71.21,71.274,71.04,70.987,0.23%
01-17-2019,71.05,71.416,71.146,70.972,0.10%
01-16-2019,70.98,71.265,71.11,70.934,-0.17%
01-15-2019,71.1,71.156,70.75,70.723,0.48%
01-14-2019,70.76,70.95,70.4,70.36,0.54%
01-13-2019,70.38,70.38,70.38,70.38,-0.03%
01-11-2019,70.398,70.602,70.43,70.356,-0.03%
01-10-2019,70.42,70.655,70.53,70.318,-0.20%
01-09-2019,70.56,70.647,70.11,70.05,0.60%
01-08-2019,70.14,70.24,69.806,69.765,0.48%
01-07-2019,69.803,69.953,69.532,69.255,0.39%
01-06-2019,69.535,69.535,69.535,69.535,-0.02%
01-04-2019,69.55,70.145,70.115,69.55,-0.80%
01-03-2019,70.11,70.531,70.3,70.034,0.16%
01-02-2019,70,70.255,69.469,69.469,0.79%
01-01-2019,69.453,69.745,69.635,69.435,-0.17%
12-31-2018,69.57,69.946,69.783,69.57,-0.52%
12-30-2018,69.933,69.933,69.933,69.933,0.00%
12-28-2018,69.933,70.151,70.151,69.885,-0.61%
12-27-2018,70.361,70.404,70.088,70.088,0.42%
12-26-2018,70.07,70.17,70.065,69.755,0.03%
12-25-2018,70.05,70.05,70.05,70.05,-0.08%
12-24-2018,70.105,70.296,70.151,69.873,-0.06%
12-23-2018,70.15,70.15,70.14,70.14,0.01%
12-21-2018,70.14,70.32,70.003,69.75,0.23%
12-20-2018,69.98,70.716,70.697,69.654,-0.42%
12-19-2018,70.278,70.481,70.356,69.862,-0.48%
12-18-2018,70.62,71.361,71.34,70.421,-1.38%
12-17-2018,71.61,71.9,71.9,71.496,-0.43%
12-16-2018,71.92,71.92,71.92,71.92,0.00%
12-14-2018,71.92,72.043,71.55,71.55,0.55%
12-13-2018,71.53,71.858,71.858,71.456,-0.43%
12-12-2018,71.84,72.283,72.283,71.769,-0.62%
12-11-2018,72.29,72.507,72.507,71.692,-0.32%
12-10-2018,72.52,72.637,71.36,71.24,1.60%
12-09-2018,71.375,71.375,71.375,71.375,0.73%
12-07-2018,70.86,70.86,70.57,70.453,0.01%
12-06-2018,70.85,71.15,70.81,70.745,0.41%
12-05-2018,70.56,70.75,70.71,70.39,0.04%
12-04-2018,70.53,70.69,70.5,70.33,0.13%
12-03-2018,70.44,70.47,69.88,69.88,0.96%
12-02-2018,69.77,69.77,69.77,69.77,0.17%
11-30-2018,69.65,69.915,69.695,69.57,-0.19%
11-29-2018,69.78,70.145,70.11,69.78,-1.22%
11-28-2018,70.64,70.9,70.9,70.58,-0.20%
11-27-2018,70.785,71.03,70.815,70.71,-0.05%
11-26-2018,70.82,70.905,70.495,70.31,0.21%
11-25-2018,70.675,70.675,70.675,70.675,0.03%
11-23-2018,70.655,70.675,70.675,70.655,-0.05%
11-22-2018,70.69,71.195,71.135,70.675,-0.86%
11-21-2018,71.305,71.415,71.415,71.305,-0.17%
11-20-2018,71.43,71.522,71.37,71.287,-0.25%
11-19-2018,71.61,72.082,71.925,71.55,-0.24%
11-18-2018,71.785,71.785,71.785,71.785,-0.27%
11-16-2018,71.98,71.995,71.995,71.715,0.09%
11-15-2018,71.915,72.185,72.035,71.87,-0.55%
11-14-2018,72.31,72.405,72.175,72.005,-0.42%
11-13-2018,72.615,72.81,72.795,72.515,-0.34%
11-12-2018,72.86,73.067,72.735,72.735,0.52%
11-11-2018,72.48,72.48,72.48,72.48,0.00%
11-09-2018,72.48,72.828,72.68,72.415,0.14%
11-08-2018,72.38,72.46,72.46,72.38,-0.10%
11-07-2018,72.45,72.95,72.95,72.45,-0.69%
11-06-2018,72.955,73.075,72.945,72.905,-0.17%
11-05-2018,73.08,73.135,72.808,72.757,0.23%
11-04-2018,72.915,72.915,72.915,72.915,0.66%
11-02-2018,72.44,73.215,73.125,72.43,-1.38%
11-01-2018,73.455,73.873,73.855,73.455,-0.68%
10-31-2018,73.96,74.14,73.92,73.8,0.38%
10-30-2018,73.68,73.705,73.56,73.52,0.38%
10-29-2018,73.4,73.525,73.355,73.323,-0.08%
10-28-2018,73.461,73.461,73.135,73.135,0.00%
10-26-2018,73.46,73.472,73.43,73.27,0.31%
10-25-2018,73.23,73.38,73.35,73.165,0.00%
10-24-2018,73.23,73.343,73.16,73.1,-0.44%
10-23-2018,73.55,73.832,73.71,73.51,-0.01%
10-22-2018,73.56,73.565,73.305,73.192,0.12%
10-21-2018,73.475,73.475,73.475,73.475,0.14%
10-19-2018,73.375,73.655,73.605,73.295,-0.21%
10-18-2018,73.53,73.615,73.59,73.485,-0.10%
10-17-2018,73.6,73.67,73.42,73.373,0.18%
10-16-2018,73.465,73.96,73.81,73.465,-0.41%
10-15-2018,73.77,74.07,73.802,73.77,0.11%
10-14-2018,73.686,73.686,73.686,73.686,0.10%
10-12-2018,73.61,73.86,73.83,73.53,-0.59%
10-11-2018,74.05,74.49,74.38,74.005,-0.27%
10-10-2018,74.25,74.293,74.16,74.06,-0.12%
10-09-2018,74.34,74.405,73.91,73.88,0.37%
10-08-2018,74.065,74.1,73.87,73.765,0.40%
10-07-2018,73.771,73.771,73.771,73.771,0.00%
10-05-2018,73.77,74.25,73.62,73.425,0.19%
10-04-2018,73.63,73.825,73.71,73.5,0.39%
10-03-2018,73.345,73.43,73.265,72.92,0.58%
10-02-2018,72.925,72.925,72.925,72.925,0.00%
10-01-2018,72.925,72.945,72.605,72.605,0.57%
09-30-2018,72.515,72.515,72.515,72.515,0.01%
09-28-2018,72.51,72.67,72.57,72.405,-0.08%
09-27-2018,72.57,72.77,72.43,72.39,-0.04%
09-26-2018,72.6,72.755,72.71,72.537,-0.12%
09-25-2018,72.685,72.96,72.905,72.575,0.02%
09-24-2018,72.67,72.74,72.48,72.34,0.60%
09-23-2018,72.24,72.24,72.24,72.24,0.00%
09-21-2018,72.24,72.48,71.86,71.76,0.31%
09-20-2018,72.015,72.345,72.345,72.015,-0.48%
09-19-2018,72.36,72.875,72.72,72.345,-0.48%
09-18-2018,72.71,72.99,72.56,72.36,0.23%
09-17-2018,72.54,72.695,72.53,72.315,0.60%
09-16-2018,72.105,72.105,72.105,72.105,0.31%
09-14-2018,71.88,71.995,71.7,71.535,-0.22%
09-13-2018,72.037,72.037,72.037,72.037,-0.17%
09-12-2018,72.16,72.92,72.843,71.925,-0.66%
09-11-2018,72.64,72.75,72.31,72.25,0.26%
09-10-2018,72.455,72.68,72.135,72.075,0.49%
09-09-2018,72.105,72.105,72.105,72.105,0.44%
09-07-2018,71.79,72.045,71.96,71.665,-0.22%
09-06-2018,71.95,72.105,71.63,71.63,0.27%
09-05-2018,71.755,71.955,71.405,71.375,0.24%
09-04-2018,71.585,71.585,71.285,71.095,0.52%
09-03-2018,71.215,71.22,70.79,70.725,0.30%
09-02-2018,71.005,71.005,71.005,71.005,0.00%
08-31-2018,71.005,71.025,70.955,70.855,0.37%
08-30-2018,70.745,70.875,70.635,70.595,0.30%
08-29-2018,70.535,70.635,70.325,70.24,0.62%
08-28-2018,70.1,70.297,70.05,70.05,-0.09%
08-27-2018,70.165,70.165,69.765,69.705,0.56%
08-26-2018,69.775,69.775,69.775,69.775,-0.28%
08-24-2018,69.97,70.24,70.22,69.897,-0.19%
08-23-2018,70.105,70.17,70.015,69.968,0.34%
08-22-2018,69.87,69.895,69.88,69.8,0.01%
08-21-2018,69.86,69.92,69.665,69.535,0.06%
08-20-2018,69.82,69.88,69.82,69.6,0.04%
08-19-2018,69.795,69.795,69.795,69.795,-0.44%
08-17-2018,70.1,70.16,70.13,70.08,0.01%
08-16-2018,70.09,70.42,70.23,70.09,0.24%
08-15-2018,69.92,69.92,69.92,69.92,-0.06%
08-14-2018,69.96,70.09,69.86,69.7,-0.09%
08-13-2018,70.02,70.02,69.485,69.405,1.34%
08-12-2018,69.095,69.095,69.095,69.095,0.30%
08-10-2018,68.89,69.025,68.845,68.767,0.19%
08-09-2018,68.76,68.76,68.48,68.46,0.15%
08-08-2018,68.66,68.715,68.677,68.58,0.04%
08-07-2018,68.63,68.94,68.82,68.63,-0.29%
08-06-2018,68.83,68.9,68.58,68.545,0.46%
08-05-2018,68.515,68.515,68.515,68.515,-0.04%
08-03-2018,68.545,68.845,68.695,68.545,-0.12%
08-02-2018,68.625,68.735,68.375,68.265,0.40%
08-01-2018,68.35,68.632,68.56,68.35,-0.16%
07-31-2018,68.46,68.71,68.71,68.45,-0.21%
07-30-2018,68.605,68.793,68.705,68.605,-0.03%
07-29-2018,68.625,68.625,68.625,68.625,0.03%
07-27-2018,68.605,68.755,68.655,68.535,-0.08%
07-26-2018,68.66,68.76,68.705,68.618,-0.10%
07-25-2018,68.73,68.98,68.965,68.67,-0.32%
07-24-2018,68.948,69.088,68.97,68.845,0.15%
07-23-2018,68.845,68.865,68.705,68.645,0.15%
07-22-2018,68.743,68.743,68.743,68.743,0.00%
07-20-2018,68.74,69.132,69.025,68.74,-0.41%
07-19-2018,69.02,69.11,68.72,68.7,0.58%
07-18-2018,68.625,68.645,68.425,68.385,0.28%
07-17-2018,68.43,68.475,68.36,68.28,-0.18%
07-16-2018,68.55,68.72,68.56,68.51,0.08%
07-15-2018,68.497,68.497,68.497,68.497,0.00%
07-13-2018,68.5,68.562,68.52,68.335,-0.03%
07-12-2018,68.52,68.765,68.765,68.49,-0.31%
07-11-2018,68.73,68.895,68.825,68.71,-0.04%
07-10-2018,68.755,68.865,68.665,68.655,0.14%
07-09-2018,68.66,68.79,68.57,68.57,-0.15%
07-08-2018,68.765,68.765,68.765,68.765,-0.06%
07-06-2018,68.805,69.03,68.885,68.805,-0.11%
07-05-2018,68.88,69.01,68.81,68.695,0.28%
07-04-2018,68.69,68.778,68.525,68.445,0.20%
07-03-2018,68.55,68.965,68.935,68.525,-0.25%
07-02-2018,68.72,68.825,68.495,68.34,0.40%
07-01-2018,68.445,68.445,68.445,68.445,-0.02%
06-29-2018,68.46,68.7,68.7,68.36,-0.55%
06-28-2018,68.84,69.1,68.9,68.725,0.29%
06-27-2018,68.64,68.71,68.43,68.425,0.39%
06-26-2018,68.37,68.37,68.14,68.08,0.37%
06-25-2018,68.115,68.172,67.905,67.905,0.37%
06-24-2018,67.865,67.865,67.865,67.865,-0.01%
06-22-2018,67.87,67.89,67.84,67.715,-0.11%
06-21-2018,67.945,68.243,68.205,67.945,-0.17%
06-20-2018,68.06,68.185,68.1,68.03,-0.37%
06-19-2018,68.31,68.385,67.98,67.978,0.40%
06-18-2018,68.04,68.17,68.16,67.95,-0.03%
06-17-2018,68.06,68.06,68.06,68.06,0.00%
06-15-2018,68.06,68.065,67.915,67.888,0.55%
06-14-2018,67.69,67.735,67.575,67.57,0.07%
06-13-2018,67.645,67.705,67.6,67.55,0.24%
06-12-2018,67.48,67.51,67.455,67.36,0.01%
06-11-2018,67.47,67.48,67.445,67.275,-0.07%
06-10-2018,67.52,67.52,67.52,67.52,-0.01%
06-08-2018,67.53,67.795,67.47,67.44,0.16%
06-07-2018,67.42,67.46,66.94,66.94,0.87%
06-06-2018,66.84,67.165,67.09,66.84,-0.39%
06-05-2018,67.1,67.23,67.08,67.08,0.04%
06-04-2018,67.07,67.17,66.915,66.85,0.20%
06-03-2018,66.935,66.935,66.935,66.935,-0.09%
06-01-2018,66.995,67.455,67.455,66.995,-0.65%
05-31-2018,67.43,67.6,67.43,67.32,-0.01%
05-30-2018,67.44,67.9,67.855,67.395,-0.59%
05-29-2018,67.84,67.995,67.63,67.63,0.65%
05-28-2018,67.4,67.532,67.505,67.297,-0.49%
05-27-2018,67.732,67.732,67.732,67.732,0.00%
05-25-2018,67.73,68.33,68.33,67.718,-0.89%
05-24-2018,68.34,68.435,68.35,68.295,-0.04%
05-23-2018,68.37,68.485,68.16,68.16,0.51%
05-22-2018,68.02,68.095,67.99,67.938,-0.14%
05-21-2018,68.115,68.165,68.105,68.022,0.18%
05-18-2018,67.99,68.1,67.775,67.767,0.33%
05-17-2018,67.765,67.81,67.725,67.585,-0.01%
05-16-2018,67.775,68.135,68.105,67.755,-0.45%
05-15-2018,68.08,68.147,67.69,67.46,0.77%
05-14-2018,67.56,67.63,67.257,67.22,0.30%
05-11-2018,67.36,67.38,67.145,67.115,0.17%
05-10-2018,67.245,67.438,67.335,67.225,-0.16%
05-09-2018,67.35,67.478,67.135,67.135,0.33%
05-08-2018,67.13,67.29,67.175,66.987,-0.01%
05-07-2018,67.14,67.185,66.83,66.79,0.48%
05-04-2018,66.82,66.92,66.66,66.63,0.22%
05-03-2018,66.67,66.72,66.605,66.53,-0.03%
05-02-2018,66.69,66.782,66.76,66.64,-0.16%
05-01-2018,66.8,66.81,66.46,66.45,0.51%
04-30-2018,66.46,66.6,66.6,66.35,-0.24%
04-27-2018,66.62,66.853,66.84,66.62,-0.28%
04-26-2018,66.805,66.912,66.885,66.698,-0.17%
04-25-2018,66.92,66.98,66.49,66.49,0.77%
04-24-2018,66.41,66.46,66.42,66.295,-0.18%
04-23-2018,66.53,66.53,66.21,66.15,0.48%
04-20-2018,66.21,66.21,66.03,65.96,0.52%
04-19-2018,65.87,65.87,65.85,65.735,0.23%
04-18-2018,65.72,65.79,65.67,65.6,0.06%
04-17-2018,65.68,65.703,65.45,65.42,0.32%
04-16-2018,65.47,65.515,65.33,65.32,0.33%
04-13-2018,65.255,65.305,65.305,65.185,-0.05%
04-12-2018,65.29,65.45,65.32,65.248,0.05%
04-11-2018,65.26,65.315,65,64.985,0.48%
04-10-2018,64.95,65.035,64.89,64.89,-0.01%
04-09-2018,64.955,65.058,64.865,64.85,0.04%
04-06-2018,64.93,65.045,64.935,64.92,0.06%
04-05-2018,64.89,65.14,65.04,64.89,-0.24%
04-04-2018,65.045,65.18,65.005,64.905,0.07%
04-03-2018,65,65.135,65.09,64.985,-0.20%
04-02-2018,65.13,65.13,65.12,65.09,0.02%
03-30-2018,65.115,65.115,65.115,65.115,0.00%
03-29-2018,65.115,65.17,65.17,65.115,-0.07%
03-28-2018,65.16,65.3,64.89,64.89,0.33%
03-27-2018,64.945,64.993,64.785,64.728,0.19%
03-26-2018,64.825,64.955,64.895,64.802,-0.25%
03-23-2018,64.99,65.21,65.2,64.983,-0.18%
03-22-2018,65.105,65.155,65.125,65.025,-0.12%
03-21-2018,65.18,65.24,65.22,65.18,-0.05%
03-20-2018,65.21,65.25,65.21,65.16,-0.02%
03-19-2018,65.22,65.22,65.045,65,0.35%
03-16-2018,64.99,64.99,64.99,64.85,0.00%
03-15-2018,64.99,64.993,64.925,64.81,0.23%
03-14-2018,64.84,65.062,64.89,64.82,-0.02%
03-13-2018,64.855,65.01,64.985,64.845,-0.20%
03-12-2018,64.985,65.07,64.965,64.957,-0.21%
03-09-2018,65.125,65.195,65.125,65.045,0.03%
03-08-2018,65.105,65.165,64.905,64.885,0.35%
03-07-2018,64.88,65.01,64.905,64.86,-0.04%
03-06-2018,64.905,65.12,64.945,64.905,-0.18%
03-05-2018,65.025,65.16,65.055,64.93,-0.30%
03-02-2018,65.22,65.27,65.21,65.2,-0.02%
03-01-2018,65.23,65.252,65.21,65.11,0.03%
02-28-2018,65.21,65.32,65.15,65.05,0.45%
02-27-2018,64.92,64.97,64.82,64.77,0.23%
02-26-2018,64.77,64.84,64.66,64.63,0.09%
02-23-2018,64.71,64.96,64.96,64.695,-0.41%
02-22-2018,64.975,65.105,65.065,64.955,0.26%
02-21-2018,64.805,64.945,64.905,64.713,-0.08%
02-20-2018,64.86,64.862,64.51,64.42,0.95%
02-19-2018,64.25,64.25,64.25,64.25,0.05%
02-16-2018,64.215,64.23,63.875,63.815,0.49%
02-15-2018,63.9,63.98,63.96,63.875,-0.31%
02-14-2018,64.1,64.192,64.155,64.045,-0.26%
02-13-2018,64.265,64.275,64.275,64.265,-0.02%
02-12-2018,64.28,64.35,64.29,64.24,-0.15%
02-09-2018,64.375,64.438,64.425,64.285,0.12%
02-08-2018,64.3,64.39,64.39,64.15,0.03%
02-07-2018,64.28,64.312,64.22,64.045,0.08%
02-06-2018,64.23,64.405,64.36,64.1,0.14%
02-05-2018,64.14,64.24,64.24,64.01,0.02%
02-02-2018,64.13,64.2,64.125,63.74,0.23%
02-01-2018,63.98,64.065,63.65,63.56,0.68%
01-31-2018,63.55,63.752,63.68,63.55,-0.22%
01-30-2018,63.69,63.815,63.7,63.595,0.14%
01-29-2018,63.6,63.625,63.61,63.49,0.02%
01-26-2018,63.59,63.62,63.525,63.515,0.12%
01-25-2018,63.515,63.64,63.515,63.455,-0.23%
01-24-2018,63.66,63.74,63.74,63.63,-0.16%
01-23-2018,63.76,63.91,63.91,63.75,-0.20%
01-22-2018,63.89,64.01,63.89,63.725,0.09%
01-19-2018,63.83,63.87,63.68,63.635,-0.06%
01-18-2018,63.87,63.95,63.86,63.755,-0.02%
01-17-2018,63.885,64.08,64.08,63.773,-0.21%
01-16-2018,64.02,64.13,63.61,63.6,0.80%
01-15-2018,63.515,63.515,63.46,63.335,-0.15%
01-12-2018,63.61,63.73,63.6,63.49,-0.13%
01-11-2018,63.69,63.828,63.66,63.648,0.09%
01-10-2018,63.63,63.855,63.69,63.56,-0.06%
01-09-2018,63.67,63.73,63.485,63.425,0.31%
01-08-2018,63.475,63.53,63.335,63.245,0.21%
01-05-2018,63.34,63.425,63.36,63.322,-0.09%
01-04-2018,63.4,63.615,63.595,63.365,-0.17%
01-03-2018,63.505,63.575,63.555,63.45,0.07%
01-02-2018,63.46,63.77,63.7,63.44,-0.35%
01-01-2018,63.68,63.865,63.855,63.635,-0.25%
12-29-2017,63.84,64.07,64.055,63.79,-0.37%
12-28-2017,64.08,64.28,64.13,64.078,-0.06%
12-27-2017,64.12,64.185,64.075,64.075,0.11%
12-26-2017,64.05,64.125,64.04,64.028,0.05%
12-25-2017,64.02,64.02,64.02,64.02,0.00%
12-22-2017,64.02,64.09,64.06,64.02,0.00%
12-21-2017,64.02,64.14,64.02,64.01,-0.15%
12-20-2017,64.115,64.13,64.01,64.005,0.09%
12-19-2017,64.06,64.23,64.23,63.945,-0.23%
12-18-2017,64.21,64.73,64.16,64.09,0.20%
12-15-2017,64.08,64.175,64.14,64.015,-0.40%
12-14-2017,64.34,64.375,64.36,64.255,-0.19%
12-13-2017,64.46,64.56,64.54,64.425,0.08%
12-12-2017,64.41,64.53,64.42,64.4,0.09%
12-11-2017,64.355,64.455,64.455,64.315,-0.19%
12-08-2017,64.48,64.59,64.565,64.435,-0.14%
12-07-2017,64.57,64.61,64.51,64.49,0.06%
12-06-2017,64.53,64.555,64.445,64.397,0.26%
12-05-2017,64.36,64.468,64.3,64.23,-0.03%
12-04-2017,64.38,64.56,64.56,64.29,-0.22%
12-01-2017,64.52,64.52,64.505,64.49,0.05%
11-30-2017,64.49,64.635,64.55,64.41,0.20%
11-29-2017,64.36,64.52,64.42,64.28,-0.08%
11-28-2017,64.41,64.612,64.54,64.37,-0.11%
11-27-2017,64.478,64.828,64.715,64.478,-0.31%
11-24-2017,64.68,64.752,64.59,64.555,0.17%
11-23-2017,64.57,64.897,64.815,64.57,-0.48%
11-22-2017,64.88,64.965,64.78,64.72,0.00%
11-21-2017,64.88,65.125,65.09,64.88,-0.34%
11-20-2017,65.1,65.125,64.975,64.975,0.13%
11-17-2017,65.015,65.073,64.647,64.625,-0.43%
11-16-2017,65.295,65.39,65.285,65.125,0.04%
11-15-2017,65.27,65.44,65.44,65.155,-0.21%
11-14-2017,65.41,65.55,65.32,65.293,-0.05%
11-13-2017,65.44,65.535,65.37,65.267,0.38%
11-10-2017,65.19,65.208,65.09,65.005,0.33%
11-09-2017,64.975,65.002,64.945,64.853,0.08%
11-08-2017,64.92,65.165,65.135,64.92,-0.22%
11-07-2017,65.06,65.07,64.66,64.615,0.67%
11-06-2017,64.625,64.743,64.665,64.625,0.10%
11-03-2017,64.56,64.65,64.58,64.52,-0.02%
11-02-2017,64.575,64.675,64.535,64.475,0.02%
11-01-2017,64.565,64.705,64.705,64.51,-0.29%
10-31-2017,64.75,64.85,64.84,64.73,-0.17%
10-30-2017,64.86,64.96,64.89,64.8,-0.28%
10-27-2017,65.04,65.11,65.025,64.965,0.31%
10-26-2017,64.84,64.92,64.785,64.73,-0.13%
10-25-2017,64.925,65.2,65.145,64.885,-0.25%
10-24-2017,65.09,65.125,64.98,64.9,0.10%
10-23-2017,65.022,65.115,65.075,64.98,-0.03%
10-20-2017,65.04,65.045,65,64.995,0.07%
10-19-2017,64.995,65.08,65.033,64.995,-0.09%
10-18-2017,65.055,65.17,64.995,64.965,0.04%
10-17-2017,65.03,65.04,64.795,64.795,0.51%
10-16-2017,64.7,64.77,64.745,64.69,0.00%
10-13-2017,64.7,64.965,64.955,64.7,-0.55%
10-12-2017,65.06,65.165,65.16,65.035,-0.15%
10-11-2017,65.16,65.325,65.26,65.13,-0.14%
10-10-2017,65.25,65.38,65.355,65.205,-0.16%
10-09-2017,65.355,65.43,65.375,65.275,-0.07%
10-06-2017,65.4,65.405,65.2,65.2,0.39%
10-05-2017,65.145,65.195,65.095,64.975,0.18%
10-04-2017,65.03,65.385,65.345,64.95,-0.69%
10-03-2017,65.485,65.638,65.595,65.465,0.27%
10-02-2017,65.31,65.31,65.31,65.31,0.00%
09-29-2017,65.31,65.465,65.353,65.235,-0.24%
09-28-2017,65.47,65.9,65.835,65.47,-0.37%
09-27-2017,65.715,65.755,65.365,65.345,0.39%
09-26-2017,65.46,65.49,65.245,65.155,0.51%
09-25-2017,65.127,65.175,64.845,64.725,0.51%
09-22-2017,64.795,65.155,64.805,64.755,-0.02%
09-21-2017,64.81,64.855,64.515,64.45,0.80%
09-20-2017,64.293,64.435,64.245,64.245,-0.01%
09-19-2017,64.3,64.35,64.19,64.13,0.22%
09-18-2017,64.158,64.168,64.055,64.002,0.07%
09-15-2017,64.11,64.145,64.145,64.043,-0.02%
09-14-2017,64.123,64.172,64.168,64.062,0.18%
09-13-2017,64.01,64.05,63.99,63.97,-0.03%
09-12-2017,64.031,64.055,63.985,63.935,0.15%
09-11-2017,63.935,63.94,63.905,63.837,0.24%
09-08-2017,63.785,63.96,63.87,63.78,-0.36%
09-07-2017,64.015,64.055,64.043,63.98,-0.07%
09-06-2017,64.06,64.263,64.105,64.06,-0.07%
09-05-2017,64.105,64.162,64.105,64.08,0.10%
09-04-2017,64.04,64.177,63.945,63.935,0.02%
09-01-2017,64.025,64.055,63.925,63.875,0.14%
08-31-2017,63.935,64.06,64.035,63.895,-0.09%
08-30-2017,63.99,64.02,63.975,63.875,-0.04%
08-29-2017,64.015,64.037,63.955,63.925,0.17%
08-28-2017,63.905,63.93,63.89,63.855,-0.16%
08-25-2017,64.005,64.065,64.055,64.005,-0.06%
08-24-2017,64.045,64.09,64.04,64.005,0.00%
08-23-2017,64.045,64.147,64.045,64.045,-0.04%
08-22-2017,64.073,64.15,64.095,64.05,-0.06%
08-21-2017,64.11,64.157,64.075,64.015,0.02%
08-18-2017,64.095,64.185,64.185,64.082,-0.12%
08-17-2017,64.17,64.17,64.17,64.17,0.00%
08-16-2017,64.17,64.328,64.275,64.14,0.08%
08-15-2017,64.12,64.12,64.11,64.11,0.05%
08-14-2017,64.09,64.147,63.985,63.935,-0.08%
08-11-2017,64.14,64.27,64.23,64.1,0.07%
08-10-2017,64.095,64.115,63.955,63.885,0.37%
08-09-2017,63.86,63.86,63.785,63.715,0.26%
08-08-2017,63.692,63.785,63.755,63.62,-0.23%
08-07-2017,63.84,63.865,63.73,63.667,0.26%
08-04-2017,63.675,63.786,63.721,63.624,-0.05%
08-03-2017,63.705,63.72,63.645,63.575,0.11%
08-02-2017,63.635,64.135,64.125,63.595,-0.72%
08-01-2017,64.095,64.145,64.105,64.045,-0.16%
07-31-2017,64.2,64.272,64.14,64.075,0.13%
07-28-2017,64.115,64.245,64.195,64.11,-0.02%
07-27-2017,64.125,64.218,64.195,64.075,-0.36%
07-26-2017,64.355,64.487,64.472,64.355,-0.05%
07-25-2017,64.385,64.425,64.355,64.345,-0.02%
07-24-2017,64.395,64.465,64.415,64.3,0.02%
07-21-2017,64.385,64.39,64.385,64.305,0.02%
07-20-2017,64.375,64.46,64.345,64.325,0.16%
07-19-2017,64.27,64.37,64.37,64.26,-0.07%
07-18-2017,64.316,64.415,64.37,64.316,-0.05%
07-17-2017,64.345,64.407,64.365,64.345,-0.12%
07-14-2017,64.424,64.525,64.488,64.424,-0.06%
07-13-2017,64.46,64.475,64.397,64.397,-0.02%
07-12-2017,64.475,64.6,64.535,64.475,-0.14%
07-11-2017,64.565,64.605,64.465,64.46,0.14%
07-10-2017,64.475,64.597,64.585,64.475,-0.23%
07-07-2017,64.625,64.775,64.775,64.54,-0.15%
07-06-2017,64.725,64.808,64.755,64.705,-0.12%
07-05-2017,64.8,64.865,64.705,64.675,0.02%
07-04-2017,64.79,64.897,64.805,64.705,-0.08%
07-03-2017,64.845,64.91,64.655,64.635,0.35%
06-30-2017,64.62,64.84,64.73,64.575,-0.06%
06-29-2017,64.66,64.69,64.455,64.442,0.21%
06-28-2017,64.525,64.66,64.575,64.51,0.08%
06-27-2017,64.475,64.545,64.485,64.405,0.06%
06-26-2017,64.435,64.465,64.465,64.435,-0.11%
06-23-2017,64.505,64.618,64.585,64.445,-0.15%
06-22-2017,64.605,64.63,64.545,64.455,0.12%
06-21-2017,64.53,64.68,64.635,64.49,-0.02%
06-20-2017,64.54,64.54,64.485,64.412,0.07%
06-19-2017,64.495,64.505,64.445,64.34,0.05%
06-16-2017,64.465,64.75,64.69,64.405,-0.15%
06-15-2017,64.565,64.62,64.295,64.26,0.51%
06-14-2017,64.235,64.368,64.335,64.235,-0.17%
06-13-2017,64.345,64.515,64.455,64.345,-0.21%
06-12-2017,64.48,64.49,64.35,64.32,0.37%
06-09-2017,64.245,64.34,64.275,64.168,-0.01%
06-08-2017,64.25,64.43,64.41,64.207,-0.29%
06-07-2017,64.435,64.535,64.515,64.315,0.01%
06-06-2017,64.43,64.485,64.34,64.315,0.12%
06-05-2017,64.35,64.4,64.32,64.29,-0.10%
06-02-2017,64.415,64.52,64.345,64.345,-0.10%
06-01-2017,64.478,64.598,64.525,64.433,-0.05%
05-31-2017,64.51,64.605,64.605,64.46,-0.19%
05-30-2017,64.635,64.707,64.645,64.605,0.15%
05-29-2017,64.54,64.595,64.485,64.455,0.05%
05-26-2017,64.51,64.63,64.565,64.425,-0.07%
05-25-2017,64.555,64.65,64.578,64.48,-0.33%
05-24-2017,64.77,64.97,64.93,64.715,-0.19%
05-23-2017,64.895,64.92,64.685,64.655,0.60%
05-22-2017,64.51,64.655,64.53,64.46,-0.09%
05-19-2017,64.565,65.025,64.725,64.565,-0.49%
05-18-2017,64.88,64.92,64.4,64.328,1.17%
05-17-2017,64.13,64.175,64,63.99,0.13%
05-16-2017,64.045,64.165,64.075,64.04,-0.03%
05-15-2017,64.065,64.18,64.13,64.025,-0.28%
05-12-2017,64.243,64.377,64.305,64.243,-0.25%
05-11-2017,64.405,64.595,64.595,64.35,-0.33%
05-10-2017,64.615,64.694,64.694,64.555,-0.10%
05-09-2017,64.68,64.705,64.44,64.44,0.50%
05-08-2017,64.36,64.385,64.26,64.21,0.07%
05-05-2017,64.315,64.395,64.235,64.235,0.16%
05-04-2017,64.215,64.25,64.195,64.18,0.08%
05-03-2017,64.165,64.2,64.14,64.115,0.00%
05-02-2017,64.165,64.25,64.147,64.125,-0.14%
05-01-2017,64.255,64.285,64.285,64.255,-0.05%
04-28-2017,64.29,64.4,64.13,64.13,0.27%
04-27-2017,64.115,64.175,64.065,63.985,-0.02%
04-26-2017,64.13,64.33,64.32,63.94,-0.31%
04-25-2017,64.33,64.425,64.425,64.215,-0.25%
04-24-2017,64.49,64.543,64.537,64.41,-0.25%
04-21-2017,64.65,64.69,64.66,64.565,0.05%
04-20-2017,64.62,64.728,64.64,64.536,-0.07%
04-19-2017,64.665,64.665,64.575,64.525,0.09%
04-18-2017,64.605,64.655,64.515,64.485,0.19%
04-17-2017,64.48,64.55,64.44,64.305,0.00%
04-14-2017,64.48,64.48,64.443,64.443,0.05%
04-13-2017,64.445,64.493,64.455,64.272,-0.38%
04-12-2017,64.69,64.73,64.625,64.535,0.21%
04-11-2017,64.555,64.695,64.575,64.41,-0.08%
04-10-2017,64.605,64.61,64.325,64.325,0.52%
04-07-2017,64.27,64.744,64.599,64.154,-0.52%
04-06-2017,64.606,65.059,65.044,64.504,-0.41%
04-05-2017,64.875,65.175,65.075,64.875,-0.31%
04-04-2017,65.08,65.15,65.15,65.07,0.15%
04-03-2017,64.985,65.11,64.825,64.785,0.19%
03-31-2017,64.86,64.99,64.93,64.8,0.00%
03-30-2017,64.86,64.99,64.85,64.85,-0.02%
03-29-2017,64.875,65.125,65.125,64.865,-0.26%
03-28-2017,65.045,65.135,65.11,65.04,0.08%
03-27-2017,64.995,65.295,65.295,64.98,-0.66%
03-24-2017,65.425,65.545,65.505,65.385,-0.05%
03-23-2017,65.455,65.588,65.425,65.4,0.00%
03-22-2017,65.455,65.59,65.585,65.395,0.17%
03-21-2017,65.344,65.475,65.424,65.234,0.00%
03-20-2017,65.345,65.495,65.425,65.315,-0.20%
03-17-2017,65.475,65.675,65.485,65.405,0.14%
03-16-2017,65.385,65.535,65.405,65.255,-0.37%
03-15-2017,65.63,65.79,65.77,65.42,-0.22%
03-14-2017,65.775,66.265,66.225,65.75,-0.61%
03-13-2017,66.18,66.19,66.15,66.15,-0.56%
03-10-2017,66.555,66.745,66.745,66.555,-0.20%
03-09-2017,66.69,66.875,66.838,66.665,-0.11%
03-08-2017,66.765,66.77,66.632,66.63,0.21%
03-07-2017,66.625,66.7,66.68,66.595,-0.07%
03-06-2017,66.675,66.8,66.8,66.66,-0.16%
03-03-2017,66.78,66.91,66.9,66.78,-0.01%
03-02-2017,66.785,66.808,66.782,66.69,-0.12%
03-01-2017,66.865,66.915,66.715,66.715,0.21%
02-28-2017,66.725,66.835,66.765,66.645,0.04%
02-27-2017,66.7,66.78,66.72,66.65,0.08%
02-24-2017,66.645,66.705,66.656,66.615,-0.07%
02-23-2017,66.69,66.965,66.905,66.69,-0.39%
02-22-2017,66.95,67.067,67.007,66.927,-0.05%
02-21-2017,66.985,67.025,66.99,66.947,0.12%
02-20-2017,66.905,67.07,67.07,66.905,-0.26%
02-17-2017,67.08,67.168,67.14,67,0.00%
02-16-2017,67.08,67.135,66.96,66.915,0.31%
02-15-2017,66.875,67.005,66.945,66.875,0.06%
02-14-2017,66.835,67,66.925,66.805,-0.21%
02-13-2017,66.975,67.087,66.952,66.947,0.18%
02-10-2017,66.854,67.021,66.851,66.801,0.13%
02-09-2017,66.765,67.088,67.065,66.725,-0.43%
02-08-2017,67.05,67.385,67.385,67.05,-0.45%
02-07-2017,67.35,67.465,67.2,67.2,0.23%
02-06-2017,67.195,67.255,67.225,67.145,0.02%
02-03-2017,67.184,67.429,67.209,67.184,-0.04%
02-02-2017,67.21,67.51,67.385,67.21,-0.30%
02-01-2017,67.415,67.704,67.669,67.415,-0.15%
01-31-2017,67.515,67.918,67.844,67.455,-0.46%
01-30-2017,67.829,68.12,68.106,67.755,-0.41%
01-27-2017,68.105,68.255,68.191,68.015,-0.10%
01-26-2017,68.176,68.234,67.985,67.965,0.28%
01-25-2017,67.988,68.2,68.137,67.97,-0.22%
01-24-2017,68.138,68.18,68.05,68.04,0.13%
01-23-2017,68.051,68.233,68.081,68,-0.04%
01-20-2017,68.075,68.295,68.115,67.978,-0.04%
01-19-2017,68.1,68.319,68.222,68.069,-0.18%
01-18-2017,68.22,68.22,67.853,67.853,0.53%
01-17-2017,67.862,68.158,68.103,67.855,-0.35%
01-16-2017,68.103,68.28,68.168,68.07,-0.11%
01-13-2017,68.18,68.29,68.15,68.097,0.06%
01-12-2017,68.141,68.196,68.195,67.95,-0.25%
01-11-2017,68.312,68.546,68.37,68.223,-0.02%
01-10-2017,68.327,68.351,68.11,67.988,0.33%
01-09-2017,68.1,68.305,68.116,68.07,-0.02%
01-06-2017,68.115,68.198,67.755,67.755,0.55%
01-05-2017,67.743,68.013,67.895,67.73,-0.21%
01-04-2017,67.886,68.3,68.28,67.85,-0.55%
01-03-2017,68.26,68.438,68.147,68.045,0.17%
01-02-2017,68.145,68.231,67.951,67.906,0.28%
12-30-2016,67.955,68,67.935,67.85,0.03%
12-29-2016,67.936,68.258,68.232,67.905,-0.44%
12-28-2016,68.233,68.261,67.977,67.955,0.38%
12-27-2016,67.978,68.09,67.82,67.76,0.32%
12-26-2016,67.76,67.863,67.841,67.705,-0.12%
12-25-2016,67.841,67.841,67.841,67.841,0.01%
12-23-2016,67.837,67.95,67.845,67.74,-0.02%
12-22-2016,67.848,68.04,67.838,67.82,0.02%
12-21-2016,67.837,67.97,67.917,67.77,-0.12%
12-20-2016,67.917,68.111,67.847,67.81,0.11%
12-19-2016,67.844,67.9,67.85,67.708,0.00%
12-18-2016,67.845,67.845,67.845,67.845,-0.01%
12-16-2016,67.855,67.88,67.855,67.738,0.00%
12-15-2016,67.857,67.95,67.77,67.688,0.57%
12-14-2016,67.475,67.605,67.425,67.4,0.09%
12-13-2016,67.411,67.609,67.428,67.38,-0.03%
12-12-2016,67.431,67.649,67.471,67.37,-0.06%
12-11-2016,67.47,67.47,67.47,67.47,0.00%
12-09-2016,67.47,67.64,67.41,67.368,-0.11%
12-08-2016,67.546,67.571,67.445,67.318,0.16%
12-07-2016,67.438,67.98,67.738,67.425,-0.45%
12-06-2016,67.742,68.158,68.026,67.675,-0.42%
12-05-2016,68.025,68.275,68.021,68.015,0.01%
12-04-2016,68.021,68.023,68.023,68.021,-0.01%
12-02-2016,68.031,68.393,68.235,68.01,-0.30%
12-01-2016,68.236,68.598,68.595,68.19,-0.53%
11-30-2016,68.598,68.71,68.615,68.368,-0.02%
11-29-2016,68.615,68.776,68.575,68.561,0.05%
11-28-2016,68.579,68.81,68.519,68.355,0.09%
11-27-2016,68.519,68.519,68.519,68.519,0.00%
11-25-2016,68.519,68.761,68.755,68.3,-0.35%
11-24-2016,68.761,68.87,68.81,68.578,-0.03%
11-23-2016,68.784,68.881,68.395,68.36,0.57%
11-22-2016,68.396,68.49,68.225,68.06,0.25%
11-21-2016,68.228,68.293,68.185,68.02,0.07%
11-20-2016,68.18,68.18,68.175,68.175,-0.02%
11-18-2016,68.191,68.25,68.03,67.94,0.25%
11-17-2016,68.023,68.075,67.983,67.767,0.04%
11-16-2016,67.999,68.12,67.785,67.618,0.31%
11-15-2016,67.786,67.875,67.786,67.53,0.00%
11-14-2016,67.785,67.786,67.52,67.46,0.34%
11-13-2016,67.557,67.565,67.565,67.557,-0.01%
11-11-2016,67.565,67.565,67.301,66.985,1.05%
11-10-2016,66.865,66.865,66.468,66.33,0.53%
11-09-2016,66.515,66.945,66.261,66.242,0.41%
11-08-2016,66.246,66.748,66.745,66.242,-0.75%
11-07-2016,66.745,66.805,66.795,66.676,-0.08%
11-06-2016,66.795,66.795,66.795,66.795,0.00%
11-04-2016,66.796,66.805,66.665,66.65,0.19%
11-03-2016,66.668,66.798,66.778,66.63,-0.14%
11-02-2016,66.762,66.87,66.695,66.63,0.10%
11-01-2016,66.696,66.78,66.685,66.66,0.01%
10-31-2016,66.686,66.8,66.779,66.65,-0.16%
10-30-2016,66.791,66.791,66.791,66.791,0.02%
10-28-2016,66.778,66.934,66.894,66.691,-0.15%
10-27-2016,66.881,66.963,66.862,66.79,0.03%
10-26-2016,66.863,66.9,66.812,66.758,0.09%
10-25-2016,66.806,66.94,66.851,66.74,-0.06%
10-24-2016,66.845,66.935,66.921,66.766,-0.11%
10-23-2016,66.921,66.921,66.921,66.921,-0.01%
10-21-2016,66.926,67.005,66.852,66.76,0.14%
10-20-2016,66.83,66.87,66.638,66.61,0.28%
10-19-2016,66.645,66.775,66.74,66.61,-0.13%
10-18-2016,66.733,66.802,66.789,66.65,-0.08%
10-17-2016,66.789,66.9,66.718,66.715,0.11%
10-16-2016,66.715,66.715,66.715,66.715,0.00%
10-14-2016,66.717,66.91,66.794,66.64,-0.12%
10-13-2016,66.794,66.99,66.827,66.73,-0.03%
10-12-2016,66.812,66.885,66.819,66.73,-0.03%
10-11-2016,66.834,66.862,66.508,66.494,0.51%
10-10-2016,66.492,66.62,66.602,66.473,-0.16%
10-09-2016,66.601,66.601,66.601,66.601,0.00%
10-07-2016,66.602,66.89,66.696,66.535,-0.14%
10-06-2016,66.697,66.796,66.574,66.554,0.19%
10-05-2016,66.572,66.675,66.613,66.505,-0.06%
10-04-2016,66.609,66.63,66.494,66.373,0.09%
10-03-2016,66.546,66.61,66.555,66.43,-0.02%
10-02-2016,66.557,66.557,66.557,66.557,0.00%
09-30-2016,66.556,66.873,66.802,66.51,-0.38%
09-29-2016,66.812,66.955,66.346,66.327,0.70%
09-28-2016,66.349,66.548,66.47,66.346,-0.11%
09-27-2016,66.425,66.712,66.629,66.425,-0.28%
09-26-2016,66.613,66.805,66.707,66.547,-0.14%
09-25-2016,66.706,66.706,66.706,66.706,0.00%
09-23-2016,66.707,66.75,66.635,66.593,0.11%
09-22-2016,66.633,66.903,66.762,66.53,-0.17%
09-21-2016,66.744,67.145,66.988,66.738,-0.36%
09-20-2016,66.985,67.07,66.98,66.91,0.01%
09-19-2016,66.98,67.08,67.076,66.87,-0.14%
09-18-2016,67.075,67.075,67.075,67.075,0.00%
09-16-2016,67.075,67.12,66.863,66.775,0.32%
09-15-2016,66.86,67.085,66.798,66.767,0.09%
09-14-2016,66.798,67.132,67.131,66.786,-0.51%
09-13-2016,67.14,67.148,66.738,66.732,0.60%
09-12-2016,66.738,66.995,66.85,66.727,-0.07%
09-11-2016,66.785,66.909,66.909,66.785,-0.16%
09-09-2016,66.895,66.895,66.653,66.46,0.40%
09-08-2016,66.631,66.676,66.478,66.365,0.23%
09-07-2016,66.478,66.506,66.37,66.31,0.30%
09-06-2016,66.28,66.58,66.55,66.27,-0.29%
09-05-2016,66.47,66.665,66.65,66.435,-0.17%
09-04-2016,66.583,66.583,66.583,66.583,-0.32%
09-02-2016,66.795,66.897,66.833,66.617,-0.01%
09-01-2016,66.801,67.095,66.962,66.758,-0.26%
08-31-2016,66.973,67.155,67.148,66.92,-0.25%
08-30-2016,67.144,67.155,67.096,66.934,0.05%
08-29-2016,67.113,67.215,67.137,67.06,-0.04%
08-28-2016,67.136,67.136,67.136,67.136,0.00%
08-26-2016,67.136,67.161,67.014,66.831,0.18%
08-25-2016,67.016,67.167,67.167,67,-0.22%
08-24-2016,67.167,67.295,67.153,67.087,0.07%
08-23-2016,67.122,67.211,67.194,67.03,-0.12%
08-22-2016,67.202,67.37,67.138,67.095,0.10%
08-21-2016,67.137,67.137,67.137,67.137,0.00%
08-19-2016,67.137,67.205,66.822,66.822,0.46%
08-18-2016,66.83,66.916,66.904,66.717,-0.09%
08-17-2016,66.893,66.986,66.857,66.84,0.03%
08-16-2016,66.87,66.938,66.865,66.688,0.03%
08-15-2016,66.853,66.96,66.91,66.792,-0.08%
08-14-2016,66.91,66.91,66.909,66.909,0.00%
08-12-2016,66.908,66.926,66.75,66.738,0.24%
08-11-2016,66.75,66.92,66.765,66.738,-0.02%
08-10-2016,66.765,66.808,66.772,66.6,-0.01%
08-09-2016,66.774,66.985,66.816,66.738,-0.05%
08-08-2016,66.81,66.865,66.84,66.673,-0.05%
08-07-2016,66.842,66.842,66.842,66.842,0.00%
08-05-2016,66.842,66.901,66.843,66.71,0.00%
08-04-2016,66.84,67.01,66.782,66.74,0.11%
08-03-2016,66.767,67.015,66.687,66.682,0.13%
08-02-2016,66.682,66.805,66.767,66.57,-0.12%
08-01-2016,66.764,66.81,66.72,66.64,0.16%
07-31-2016,66.656,66.656,66.656,66.656,0.00%
07-29-2016,66.655,67.113,67.032,66.625,-0.54%
07-28-2016,67.014,67.115,67.058,66.94,-0.09%
07-27-2016,67.072,67.379,67.294,67.042,-0.37%
07-26-2016,67.321,67.438,67.415,67.255,-0.13%
07-25-2016,67.412,67.48,67.15,67.09,0.38%
07-24-2016,67.154,67.154,67.154,67.154,0.00%
07-22-2016,67.154,67.217,67.163,67.042,0.00%
07-21-2016,67.153,67.273,67.174,67.081,-0.01%
07-20-2016,67.163,67.255,67.188,67.095,-0.06%
07-19-2016,67.204,67.24,67.137,67.063,0.10%
07-18-2016,67.137,67.22,67.096,67.012,-0.01%
07-17-2016,67.141,67.141,67.141,67.141,0.00%
07-15-2016,67.141,67.175,66.843,66.843,0.45%
07-14-2016,66.843,67.042,67.006,66.802,-0.26%
07-13-2016,67.016,67.225,67.06,66.935,0.06%
07-12-2016,66.975,67.22,67.172,66.975,-0.24%
07-11-2016,67.138,67.308,67.139,67.01,0.00%
07-10-2016,67.14,67.14,67.14,67.14,0.00%
07-08-2016,67.139,67.517,67.495,67.07,-0.53%
07-07-2016,67.495,67.539,67.404,67.304,0.12%
07-06-2016,67.411,67.555,67.438,67.36,-0.03%
07-05-2016,67.434,67.525,67.255,67.244,0.25%
07-04-2016,67.265,67.3,67.19,67.118,0.11%
07-03-2016,67.189,67.189,67.189,67.189,0.00%
07-01-2016,67.19,67.514,67.509,67.15,-0.47%
06-30-2016,67.504,67.72,67.394,67.394,0.12%
06-29-2016,67.422,67.85,67.715,67.375,-0.43%
06-28-2016,67.715,67.98,67.898,67.65,-0.29%
06-27-2016,67.914,68.09,67.888,67.78,0.04%
06-26-2016,67.884,67.884,67.884,67.884,0.00%
06-24-2016,67.885,68.223,67.278,67.247,0.90%
06-23-2016,67.279,67.48,67.442,67.2,-0.25%
06-22-2016,67.449,67.678,67.64,67.342,-0.26%
06-21-2016,67.624,67.755,67.497,67.335,0.11%
06-20-2016,67.551,67.69,67.073,67.073,0.71%
06-19-2016,67.074,67.074,67.074,67.074,0.00%
06-17-2016,67.074,67.318,67.318,67.042,-0.36%
06-16-2016,67.315,67.454,67.079,67.077,0.35%
06-15-2016,67.079,67.353,67.291,67,-0.32%
06-14-2016,67.292,67.396,67.188,67.061,0.16%
06-13-2016,67.187,67.22,66.96,66.9,0.35%
06-12-2016,66.952,66.952,66.952,66.952,0.00%
06-10-2016,66.952,67.01,66.783,66.717,0.30%
06-09-2016,66.753,66.795,66.491,66.473,0.38%
06-08-2016,66.5,66.821,66.658,66.451,-0.24%
06-07-2016,66.658,66.97,66.809,66.635,-0.20%
06-06-2016,66.79,67.055,66.888,66.789,-0.31%
06-05-2016,66.999,66.999,66.999,66.999,0.00%
06-03-2016,67,67.38,67.285,67,-0.40%
06-02-2016,67.268,67.51,67.484,67.215,-0.25%
06-01-2016,67.434,67.519,67.207,67.12,0.33%
05-31-2016,67.209,67.338,67.17,67.106,0.06%
05-30-2016,67.171,67.38,67.04,67.031,0.21%
05-29-2016,67.032,67.032,67.032,67.032,0.00%
05-27-2016,67.031,67.135,66.942,66.875,0.16%
05-26-2016,66.927,67.415,67.3,66.903,-0.51%
05-25-2016,67.273,67.712,67.63,67.223,-0.53%
05-24-2016,67.63,67.78,67.429,67.417,0.33%
05-23-2016,67.409,67.59,67.43,67.243,-0.03%
05-22-2016,67.43,67.43,67.43,67.43,0.03%
05-20-2016,67.408,67.545,67.436,67.32,-0.04%
05-19-2016,67.436,67.61,67.143,67.103,0.44%
05-18-2016,67.14,67.169,66.824,66.824,0.47%
05-17-2016,66.825,66.901,66.845,66.675,-0.03%
05-16-2016,66.844,66.944,66.925,66.73,-0.12%
05-15-2016,66.925,66.925,66.925,66.925,0.10%
05-13-2016,66.855,66.925,66.757,66.72,0.15%
05-12-2016,66.757,66.781,66.561,66.52,0.29%
05-11-2016,66.561,66.845,66.631,66.52,-0.11%
05-10-2016,66.631,66.786,66.752,66.542,-0.18%
05-09-2016,66.752,66.8,66.602,66.395,0.23%
05-08-2016,66.602,66.602,66.602,66.602,0.00%
05-06-2016,66.6,66.715,66.568,66.48,0.06%
05-05-2016,66.558,66.675,66.627,66.458,-0.10%
05-04-2016,66.627,66.689,66.579,66.5,0.10%
05-03-2016,66.558,66.582,66.343,66.235,0.32%
05-02-2016,66.346,66.465,66.425,66.32,-0.12%
05-01-2016,66.425,66.425,66.425,66.425,0.00%
04-29-2016,66.425,66.57,66.395,66.29,0.04%
04-28-2016,66.401,66.562,66.391,66.32,0.06%
04-27-2016,66.362,66.612,66.406,66.344,-0.06%
04-26-2016,66.404,66.852,66.693,66.397,-0.42%
04-25-2016,66.685,66.765,66.66,66.59,0.04%
04-24-2016,66.66,66.66,66.66,66.66,0.00%
04-22-2016,66.66,66.731,66.502,66.457,0.26%
04-21-2016,66.489,66.528,66.165,66.164,0.49%
04-20-2016,66.166,66.36,66.137,66.095,0.02%
04-19-2016,66.15,66.502,66.417,66.129,-0.40%
04-18-2016,66.416,66.72,66.66,66.415,-0.37%
04-15-2016,66.66,66.68,66.597,66.469,0.09%
04-14-2016,66.597,66.69,66.506,66.479,0.15%
04-13-2016,66.496,66.68,66.277,66.271,0.32%
04-12-2016,66.283,66.567,66.301,66.272,-0.01%
04-11-2016,66.287,66.603,66.555,66.28,-0.40%
04-08-2016,66.551,66.787,66.757,66.475,-0.31%
04-07-2016,66.757,66.826,66.517,66.422,0.36%
04-06-2016,66.517,66.745,66.42,66.38,0.14%
04-05-2016,66.422,66.558,66.112,66.08,0.48%
04-04-2016,66.106,66.387,66.31,66.024,-0.39%
04-01-2016,66.365,66.502,66.355,66.27,0.17%
03-31-2016,66.255,66.358,66.235,66.125,-0.18%
03-30-2016,66.375,66.502,66.295,66.265,0.00%
03-29-2016,66.375,66.66,66.61,66.366,-0.35%
03-28-2016,66.608,66.912,66.79,66.511,-0.33%
03-25-2016,66.829,66.928,66.916,66.745,-0.13%
03-24-2016,66.916,66.948,66.93,66.822,-0.02%
03-23-2016,66.93,66.956,66.755,66.625,0.26%
03-22-2016,66.755,66.84,66.5,66.48,0.38%
03-21-2016,66.5,66.571,66.383,66.383,0.17%
03-18-2016,66.384,66.7,66.63,66.256,-0.35%
03-17-2016,66.619,66.958,66.91,66.605,-0.82%
03-16-2016,67.173,67.46,67.37,67.173,-0.30%
03-15-2016,67.372,67.415,67.138,67.136,0.35%
03-14-2016,67.138,67.246,66.973,66.88,0.32%
03-11-2016,66.921,67.352,67.303,66.901,-0.57%
03-10-2016,67.302,67.373,67.128,66.895,0.26%
03-09-2016,67.128,67.515,67.325,67.062,-0.27%
03-08-2016,67.313,67.47,66.989,66.988,0.48%
03-07-2016,66.989,67.156,66.989,66.933,0.08%
03-04-2016,66.938,67.355,67.121,66.881,-0.27%
03-03-2016,67.122,67.46,67.41,67.121,-0.41%
03-02-2016,67.395,67.765,67.599,67.392,-0.53%
03-01-2016,67.753,68.36,68.206,67.677,-0.67%
02-29-2016,68.208,68.792,68.737,68.203,-0.77%
02-26-2016,68.737,68.86,68.779,68.63,-0.05%
02-25-2016,68.768,68.909,68.431,68.384,0.49%
02-24-2016,68.431,68.66,68.561,68.386,-0.19%
02-23-2016,68.561,68.69,68.553,68.46,0.04%
02-22-2016,68.533,68.725,68.69,68.505,-0.02%
02-19-2016,68.545,68.686,68.531,68.521,0.00%
02-18-2016,68.542,68.6,68.322,68.316,0.31%
02-17-2016,68.329,68.69,68.482,68.314,-0.21%
02-16-2016,68.474,68.512,68.14,68.061,0.50%
02-15-2016,68.131,68.27,68.119,68.01,0.02%
02-12-2016,68.118,68.496,68.471,68.11,-0.52%
02-11-2016,68.471,68.489,67.862,67.785,0.90%
02-10-2016,67.861,67.996,67.91,67.798,-0.06%
02-09-2016,67.901,68.22,68.054,67.882,-0.20%
02-08-2016,68.034,68.068,67.88,67.78,0.33%
02-05-2016,67.81,67.84,67.546,67.495,0.39%
02-04-2016,67.544,67.895,67.76,67.524,-0.57%
02-03-2016,67.934,68.265,67.977,67.929,-0.06%
02-02-2016,67.975,68.043,67.817,67.764,0.21%
02-01-2016,67.835,67.97,67.878,67.64,-0.06%
01-29-2016,67.878,68.18,68.053,67.785,-0.26%
01-28-2016,68.053,68.265,68.15,68.017,-0.13%
01-27-2016,68.144,68.185,67.766,67.739,0.60%
01-26-2016,67.739,67.909,67.727,67.697,-0.02%
01-25-2016,67.755,67.85,67.579,67.493,0.30%
01-22-2016,67.549,67.869,67.826,67.547,-0.37%
01-21-2016,67.799,68.12,67.955,67.797,-0.23%
01-20-2016,67.958,68.18,67.734,67.731,0.33%
01-19-2016,67.734,67.8,67.662,67.525,0.11%
01-18-2016,67.661,67.791,67.791,67.5,-0.17%
01-15-2016,67.775,67.869,67.328,67.255,0.68%
01-14-2016,67.316,67.49,66.918,66.917,0.60%
01-13-2016,66.917,66.953,66.947,66.73,-0.04%
01-12-2016,66.946,66.98,66.766,66.74,0.28%
01-11-2016,66.76,66.965,66.874,66.708,-0.13%
01-08-2016,66.847,66.93,66.891,66.6,-0.07%
01-07-2016,66.891,66.981,66.712,66.507,0.29%
01-06-2016,66.698,66.905,66.499,66.479,0.33%
01-05-2016,66.481,66.663,66.599,66.428,-0.15%
01-04-2016,66.579,66.66,66.165,66.165,0.52%
01-01-2016,66.235,66.267,66.209,66.13,0.04%
12-31-2015,66.208,66.484,66.484,66.09,-0.40%
12-30-2015,66.475,66.495,66.257,66.234,0.36%
12-29-2015,66.235,66.43,66.153,66.136,0.15%
12-28-2015,66.137,66.22,66.03,66.03,0.17%
12-25-2015,66.025,66.03,65.946,65.946,0.12%
12-24-2015,65.947,66.162,66.058,65.946,-0.14%
12-23-2015,66.037,66.285,66.242,66.011,-0.31%
12-22-2015,66.244,66.36,66.268,66.176,-0.01%
12-21-2015,66.251,66.385,66.319,66.189,-0.01%
12-18-2015,66.255,66.535,66.411,66.228,-0.25%
12-17-2015,66.421,66.685,66.454,66.26,-0.08%
12-16-2015,66.476,66.947,66.866,66.431,-0.58%
12-15-2015,66.863,67.135,67.092,66.77,-0.34%
12-14-2015,67.093,67.18,67.1,66.965,-0.08%
12-11-2015,67.148,67.148,66.761,66.743,0.59%
12-10-2015,66.756,66.935,66.855,66.681,-0.15%
12-09-2015,66.855,66.96,66.862,66.725,0.00%
12-08-2015,66.857,66.895,66.777,66.71,0.13%
12-07-2015,66.773,66.867,66.643,66.57,0.20%
12-04-2015,66.643,66.995,66.79,66.642,-0.22%
12-03-2015,66.79,66.898,66.598,66.561,0.30%
12-02-2015,66.591,66.68,66.433,66.432,0.24%
12-01-2015,66.434,66.61,66.462,66.385,-0.04%
11-30-2015,66.462,66.945,66.835,66.422,-0.67%
11-27-2015,66.907,66.91,66.66,66.65,0.51%
11-26-2015,66.565,66.675,66.371,66.347,0.30%
11-25-2015,66.368,66.399,66.261,66.261,0.16%
11-24-2015,66.262,66.505,66.398,66.26,-0.20%
11-23-2015,66.395,66.485,66.095,66.057,0.51%
11-20-2015,66.058,66.28,66.088,66.044,-0.05%
11-19-2015,66.09,66.24,66.057,66.032,0.09%
11-18-2015,66.033,66.325,66.008,65.985,0.08%
11-17-2015,65.981,66.095,65.905,65.885,0.14%
11-16-2015,65.886,66.26,66.079,65.853,-0.26%
11-13-2015,66.059,66.24,66.19,66.059,0.01%
11-12-2015,66.055,66.165,66.135,66.01,-0.02%
11-11-2015,66.07,66.07,66.07,66.07,-0.20%
11-10-2015,66.2,66.49,66.44,66.2,-0.41%
11-09-2015,66.475,66.5,66.42,66.317,0.51%
11-06-2015,66.14,66.14,65.817,65.733,0.43%
11-05-2015,65.86,65.9,65.609,65.523,0.38%
11-04-2015,65.609,65.63,65.592,65.33,0.06%
11-03-2015,65.569,65.795,65.568,65.42,0.01%
11-02-2015,65.561,65.665,65.413,65.355,0.21%
10-30-2015,65.423,65.453,65.444,65.12,-0.04%
10-29-2015,65.449,65.47,65.154,65.12,0.76%
10-28-2015,64.954,65.12,65.112,64.833,-0.24%
10-27-2015,65.112,65.117,64.921,64.885,0.29%
10-26-2015,64.921,65.025,64.964,64.788,0.04%
10-23-2015,64.892,65.06,64.869,64.7,0.05%
10-22-2015,64.86,65.173,65.133,64.853,-0.44%
10-21-2015,65.146,65.23,65.024,65,0.19%
10-20-2015,65.024,65.07,64.92,64.86,0.16%
10-19-2015,64.919,64.937,64.703,64.681,0.33%
10-16-2015,64.703,65.03,64.78,64.639,-0.12%
10-15-2015,64.779,64.921,64.735,64.68,0.07%
10-14-2015,64.736,65.185,65.112,64.73,-0.56%
10-13-2015,65.098,65.192,64.797,64.78,0.47%
10-12-2015,64.795,64.89,64.779,64.7,0.02%
10-09-2015,64.78,65.004,64.817,64.689,-0.06%
10-08-2015,64.819,65.188,64.935,64.816,-0.14%
10-07-2015,64.907,65.37,65.127,64.815,-0.34%
10-06-2015,65.129,65.44,65.145,65.128,-0.01%
10-05-2015,65.134,65.34,65.155,65.047,-0.35%
10-02-2015,65.364,65.7,65.623,65.358,-0.41%
10-01-2015,65.631,65.68,65.524,65.49,0.17%
09-30-2015,65.517,65.955,65.836,65.48,-0.49%
09-29-2015,65.837,66.441,66.413,65.836,-0.65%
09-28-2015,66.267,66.274,66.16,66.02,0.15%
09-25-2015,66.17,66.242,66.108,66.07,0.09%
09-24-2015,66.11,66.38,66.175,66.04,-0.11%
09-23-2015,66.184,66.186,65.91,65.828,0.42%
09-22-2015,65.91,65.97,65.71,65.56,0.33%
09-21-2015,65.691,65.95,65.869,65.62,-0.27%
09-18-2015,65.868,66.26,66.117,65.67,-0.31%
09-17-2015,66.071,66.301,66.194,66.066,-0.22%
09-16-2015,66.219,66.52,66.449,66.186,-0.34%
09-15-2015,66.447,66.48,66.279,66.266,0.28%
09-14-2015,66.261,66.5,66.242,66.21,0.03%
09-11-2015,66.241,66.59,66.309,66.238,-0.09%
09-10-2015,66.299,66.77,66.646,66.298,-0.48%
09-09-2015,66.619,66.65,66.311,66.245,0.49%
09-08-2015,66.294,66.913,66.853,66.293,-0.89%
09-07-2015,66.886,66.907,66.726,66.585,0.30%
09-04-2015,66.685,66.785,66.124,66.09,0.89%
09-03-2015,66.1,66.3,66.202,66.04,-0.15%
09-02-2015,66.202,66.474,66.383,66.125,-0.27%
09-01-2015,66.383,66.47,66.398,66.19,-0.04%
08-31-2015,66.412,66.5,66.151,66.128,0.40%
08-28-2015,66.15,66.26,65.985,65.94,0.28%
08-27-2015,65.968,66.16,66.141,65.865,-0.05%
08-26-2015,66.004,66.39,66.289,66.004,-0.42%
08-25-2015,66.28,66.91,66.867,65.87,-0.80%
08-24-2015,66.814,66.816,66.39,66.305,1.18%
08-21-2015,66.034,66.045,65.441,65.42,0.92%
08-20-2015,65.433,65.7,65.097,65.061,0.50%
08-19-2015,65.109,65.45,65.409,65.061,-0.53%
08-18-2015,65.454,65.5,65.444,65.3,0.03%
08-17-2015,65.436,65.461,65.097,65.07,0.47%
08-14-2015,65.129,65.38,65.234,64.96,-0.11%
08-13-2015,65.203,65.34,64.855,64.63,0.54%
08-12-2015,64.855,64.96,64.354,64.28,0.81%
08-11-2015,64.332,64.392,63.773,63.751,0.88%
08-10-2015,63.773,63.92,63.744,63.707,0.05%
08-07-2015,63.739,63.97,63.722,63.701,0.03%
08-06-2015,63.722,63.83,63.692,63.65,0.05%
08-05-2015,63.692,63.94,63.798,63.65,-0.17%
08-04-2015,63.798,64.178,64.178,63.68,-0.59%
08-03-2015,64.177,64.19,63.996,63.93,0.30%
07-31-2015,63.988,64.22,64.152,63.864,-0.23%
07-30-2015,64.138,64.16,63.826,63.82,0.50%
07-29-2015,63.821,63.95,63.8,63.767,0.03%
07-28-2015,63.799,64.243,64.232,63.74,-0.63%
07-27-2015,64.202,64.27,64.16,64,0.15%
07-24-2015,64.106,64.18,63.922,63.826,0.29%
07-23-2015,63.921,63.93,63.57,63.57,0.55%
07-22-2015,63.571,63.68,63.567,63.49,-0.02%
07-21-2015,63.583,63.76,63.6,63.537,-0.03%
07-20-2015,63.6,63.75,63.483,63.47,0.17%
07-17-2015,63.492,63.54,63.487,63.375,0.05%
07-16-2015,63.463,63.564,63.508,63.42,-0.07%
07-15-2015,63.507,63.61,63.278,63.278,0.36%
07-14-2015,63.281,63.6,63.45,63.265,-0.27%
07-13-2015,63.45,63.6,63.359,63.315,0.15%
07-10-2015,63.358,63.49,63.318,63.308,0.06%
07-09-2015,63.318,63.59,63.456,63.29,-0.22%
07-08-2015,63.459,63.66,63.476,63.453,-0.03%
07-07-2015,63.476,63.582,63.263,63.26,0.34%
07-06-2015,63.264,63.64,63.427,63.254,-0.23%
07-03-2015,63.411,63.5,63.297,63.297,0.18%
07-02-2015,63.299,63.68,63.553,63.296,-0.39%
07-01-2015,63.55,63.712,63.609,63.53,-0.08%
06-30-2015,63.604,63.81,63.707,63.55,-0.16%
06-29-2015,63.707,63.95,63.523,63.45,0.40%
06-26-2015,63.452,63.67,63.528,63.45,-0.10%
06-25-2015,63.518,63.65,63.548,63.489,-0.01%
06-24-2015,63.526,63.71,63.59,63.487,-0.13%
06-23-2015,63.607,63.695,63.532,63.499,0.13%
06-22-2015,63.523,63.59,63.532,63.44,0.04%
06-19-2015,63.5,63.87,63.579,63.42,-0.12%
06-18-2015,63.577,63.95,63.905,63.566,-0.68%
06-17-2015,64.011,64.28,64.166,63.989,-0.24%
06-16-2015,64.166,64.33,64.081,63.996,0.13%
06-15-2015,64.085,64.2,64.1,64,-0.02%
06-12-2015,64.1,64.2,63.985,63.9,0.22%
06-11-2015,63.959,64.03,63.782,63.75,0.30%
06-10-2015,63.766,64.071,64.039,63.76,-0.38%
06-09-2015,64.01,64.09,63.963,63.85,0.10%
06-08-2015,63.947,64.18,64.111,63.925,0.28%
06-05-2015,63.77,64.035,63.963,63.75,-0.30%
06-04-2015,63.964,64.27,63.996,63.916,-0.05%
06-03-2015,63.997,64.08,63.699,63.669,0.48%
06-02-2015,63.689,63.97,63.61,63.59,0.15%
06-01-2015,63.594,63.841,63.733,63.53,-0.23%
05-29-2015,63.743,63.946,63.79,63.68,-0.03%
05-28-2015,63.763,64,63.823,63.745,-0.10%
05-27-2015,63.826,64.17,63.983,63.82,-0.23%
05-26-2015,63.972,64.02,63.493,63.49,0.75%
05-25-2015,63.496,63.68,63.511,63.49,0.01%
05-22-2015,63.49,63.681,63.578,63.43,-0.14%
05-21-2015,63.58,63.75,63.612,63.51,-0.03%
05-20-2015,63.598,63.9,63.781,63.555,-0.26%
05-19-2015,63.763,63.85,63.725,63.52,0.09%
05-18-2015,63.708,63.75,63.442,63.425,0.42%
05-15-2015,63.44,63.662,63.403,63.347,0.09%
05-14-2015,63.383,64.063,64.014,63.379,-0.98%
05-13-2015,64.013,64.281,64.146,63.845,-0.21%
05-12-2015,64.147,64.39,64.007,63.998,0.22%
05-11-2015,64.007,64.022,63.705,63.705,0.46%
05-08-2015,63.711,64.23,64.071,63.657,-0.56%
05-07-2015,64.073,64.29,63.635,63.623,0.71%
05-06-2015,63.621,63.685,63.376,63.31,0.40%
05-05-2015,63.369,63.62,63.562,63.315,-0.23%
05-04-2015,63.516,63.693,63.692,63.516,-0.32%
05-01-2015,63.719,63.72,63.531,63.5,0.30%
04-30-2015,63.529,63.74,63.44,63.398,0.11%
04-29-2015,63.46,63.502,63.049,63.04,0.65%
04-28-2015,63.053,63.47,63.334,63.027,-0.46%
04-27-2015,63.346,63.78,63.747,63.346,-0.50%
04-24-2015,63.662,63.683,63.283,63.215,0.61%
04-23-2015,63.277,63.43,62.968,62.895,0.47%
04-22-2015,62.98,63.02,62.881,62.725,0.20%
04-21-2015,62.854,63.165,63.14,62.75,-0.45%
04-20-2015,63.137,63.167,62.554,62.5,0.94%
04-17-2015,62.55,62.55,62.317,62.305,0.37%
04-16-2015,62.317,62.407,62.353,62.245,-0.07%
04-15-2015,62.36,62.46,62.294,62.264,0.15%
04-14-2015,62.268,62.422,62.413,62.21,-0.22%
04-13-2015,62.407,62.575,62.184,62.18,0.21%
04-10-2015,62.276,62.43,62.301,62.209,-0.05%
04-09-2015,62.306,62.337,62.201,62.15,0.18%
04-08-2015,62.192,62.372,62.301,62.139,-0.17%
04-07-2015,62.296,62.425,62.206,62.195,0.14%
04-06-2015,62.207,62.24,61.93,61.93,0.40%
04-03-2015,61.96,62.14,62.078,61.936,-0.17%
04-02-2015,62.067,62.24,62.163,62.046,-0.12%
04-01-2015,62.142,62.402,62.291,62.135,-0.24%
03-31-2015,62.291,62.68,62.514,62.276,-0.35%
03-30-2015,62.51,62.7,62.534,62.438,-0.02%
03-27-2015,62.523,62.851,62.84,62.395,-0.50%
03-26-2015,62.836,62.843,62.43,62.43,0.68%
03-25-2015,62.412,62.454,62.344,62.262,0.10%
03-24-2015,62.348,62.421,62.21,62.14,0.19%
03-23-2015,62.23,62.415,62.415,62.23,-0.29%
03-20-2015,62.41,62.595,62.525,62.41,-0.13%
03-19-2015,62.49,62.685,62.39,62.37,-0.34%
03-18-2015,62.701,62.79,62.651,62.62,0.12%
03-17-2015,62.623,62.85,62.778,62.608,-0.25%
03-16-2015,62.78,63.138,63.087,62.763,-0.48%
03-13-2015,63.083,63.126,62.559,62.433,0.87%
03-12-2015,62.542,62.796,62.777,62.408,-0.38%
03-11-2015,62.781,62.88,62.723,62.7,0.10%
03-10-2015,62.72,62.836,62.641,62.563,0.14%
03-09-2015,62.634,62.8,62.475,62.4,0.28%
03-06-2015,62.46,62.463,62.393,62.3,0.13%
03-05-2015,62.381,62.43,62.309,62.16,0.12%
03-04-2015,62.309,62.391,61.819,61.659,0.79%
03-03-2015,61.819,61.972,61.862,61.772,-0.07%
03-02-2015,61.862,62,61.713,61.675,0.33%
02-27-2015,61.659,61.92,61.744,61.658,-0.12%
02-26-2015,61.731,62,61.871,61.675,-0.21%
02-25-2015,61.862,62.113,62.09,61.84,-0.50%
02-24-2015,62.17,62.36,62.172,62.07,0.01%
02-23-2015,62.163,62.33,62.27,62.117,0.09%
02-20-2015,62.109,62.29,62.14,62.108,-0.05%
02-19-2015,62.138,62.17,62.064,62.03,0.13%
02-18-2015,62.057,62.361,62.157,62.005,-0.16%
02-17-2015,62.157,62.27,62.105,62.07,0.08%
02-16-2015,62.105,62.25,62.114,62.07,0.05%
02-13-2015,62.076,62.224,62.14,62.02,-0.12%
02-12-2015,62.15,62.54,62.382,62.028,-0.37%
02-11-2015,62.382,62.433,62.327,62.12,0.09%
02-10-2015,62.327,62.374,62.161,61.93,0.29%
02-09-2015,62.149,62.22,62.058,61.95,0.29%
02-06-2015,61.97,62.025,61.703,61.665,0.42%
02-05-2015,61.709,61.95,61.842,61.678,-0.22%
02-04-2015,61.842,61.91,61.596,61.565,0.40%
02-03-2015,61.596,61.85,61.721,61.565,-0.20%
02-02-2015,61.719,62.085,62.005,61.645,-0.49%
01-30-2015,62.02,62.035,61.807,61.71,0.35%
01-29-2015,61.801,61.981,61.44,61.43,0.72%
01-28-2015,61.358,61.54,61.515,61.27,-0.08%
01-27-2015,61.41,61.525,61.48,61.355,-0.11%
01-26-2015,61.48,61.52,61.515,61.475,0.07%
01-23-2015,61.44,61.615,61.45,61.373,-0.27%
01-22-2015,61.605,61.77,61.635,61.505,0.07%
01-21-2015,61.56,61.73,61.73,61.54,-0.15%
01-20-2015,61.655,61.905,61.825,61.645,0.02%
01-19-2015,61.645,61.812,61.655,61.605,-0.36%
01-16-2015,61.87,62.21,62.085,61.795,-0.31%
01-15-2015,62.065,62.105,61.885,61.485,-0.05%
01-14-2015,62.095,62.235,62.085,62.06,0.19%
01-13-2015,61.98,62.195,62.1,61.97,-0.15%
01-12-2015,62.075,62.355,62.355,62.065,-0.45%
01-09-2015,62.355,62.52,62.5,62.3,-0.51%
01-08-2015,62.675,63.205,63.205,62.595,-0.96%
01-07-2015,63.28,63.565,63.52,63.17,-0.46%
01-06-2015,63.575,63.625,63.375,63.315,0.36%
01-05-2015,63.345,63.495,63.435,63.285,0.09%
01-02-2015,63.285,63.502,63.445,63.255,-0.11%
01-01-2015,63.355,63.455,63.175,63.175,0.51%
12-31-2014,63.035,63.39,63.315,63.035,-0.55%
12-30-2014,63.385,63.795,63.725,63.355,-0.45%
12-29-2014,63.67,63.715,63.665,63.625,0.17%
12-26-2014,63.562,63.69,63.455,63.455,0.07%
12-25-2014,63.52,63.52,63.52,63.52,0.00%
12-24-2014,63.52,63.565,63.435,63.375,0.13%
12-23-2014,63.44,63.51,63.31,63.25,0.33%
12-22-2014,63.23,63.33,63.255,63.145,-0.02%
12-19-2014,63.245,63.34,63.055,62.99,0.40%
12-18-2014,62.99,63.4,63.36,62.985,-0.84%
12-17-2014,63.525,63.89,63.53,63.45,-0.21%
12-16-2014,63.66,63.66,62.915,62.815,0.77%
12-15-2014,63.175,63.175,62.21,62.21,1.04%
12-12-2014,62.525,62.535,62.26,62.21,0.07%
12-11-2014,62.48,62.48,62.05,62.01,0.59%
12-10-2014,62.115,62.115,61.81,61.77,0.38%
12-09-2014,61.88,61.955,61.89,61.835,0.09%
12-08-2014,61.825,62.01,61.98,61.825,-0.15%
12-05-2014,61.918,61.918,61.845,61.78,0.21%
12-04-2014,61.79,61.965,61.945,61.79,-0.12%
12-03-2014,61.863,61.97,61.885,61.815,0.11%
12-02-2014,61.795,62.02,61.905,61.795,-0.26%
12-01-2014,61.955,62.24,62.06,61.955,-0.41%
11-28-2014,62.21,62.25,61.815,61.765,0.57%
11-27-2014,61.86,61.938,61.74,61.74,0.11%
11-26-2014,61.795,61.913,61.865,61.785,-0.11%
11-25-2014,61.865,62.045,61.915,61.85,0.01%
11-24-2014,61.86,61.975,61.7,61.66,0.15%
11-21-2014,61.767,61.905,61.845,61.745,-0.26%
11-20-2014,61.93,62.23,62.04,61.89,-0.02%
11-19-2014,61.945,62.008,61.845,61.795,0.36%
11-18-2014,61.725,61.885,61.735,61.705,-0.17%
11-17-2014,61.83,61.83,61.63,61.63,0.19%
11-14-2014,61.715,61.86,61.63,61.56,0.19%
11-13-2014,61.6,61.635,61.49,61.49,0.37%
11-12-2014,61.375,61.57,61.535,61.375,-0.23%
11-11-2014,61.515,61.65,61.57,61.515,0.05%
11-10-2014,61.485,61.57,61.465,61.39,-0.06%
11-07-2014,61.52,61.7,61.44,61.44,0.03%
11-06-2014,61.5,61.515,61.44,61.425,0.11%
11-05-2014,61.435,61.545,61.34,61.3,0.07%
11-04-2014,61.395,61.415,61.365,61.31,-0.04%
11-03-2014,61.42,61.51,61.51,61.325,0.02%
10-31-2014,61.405,61.615,61.365,61.3,-0.06%
10-30-2014,61.44,61.555,61.29,61.29,0.24%
10-29-2014,61.29,61.375,61.265,61.22,0.17%
10-28-2014,61.188,61.425,61.255,61.162,-0.19%
10-27-2014,61.305,61.375,61.185,61.185,0.22%
10-24-2014,61.17,61.17,61.17,61.17,0.00%
10-23-2014,61.17,61.21,61.16,61.1,-0.05%
10-22-2014,61.2,61.315,61.095,61.015,0.08%
10-21-2014,61.15,61.377,61.315,61.12,-0.14%
10-20-2014,61.235,61.385,61.315,61.185,-0.21%
10-17-2014,61.365,61.765,61.765,61.36,-0.77%
10-16-2014,61.84,61.94,61.485,61.435,0.75%
10-15-2014,61.38,61.41,61.31,61.25,-0.03%
10-14-2014,61.4,61.48,60.945,60.935,0.64%
10-13-2014,61.01,61.315,61.285,61.01,-0.45%
10-10-2014,61.285,61.365,61.165,61.125,0.38%
10-09-2014,61.055,61.145,61.145,60.91,-0.50%
10-08-2014,61.36,61.525,61.47,61.31,0.09%
10-07-2014,61.305,61.485,61.465,61.28,-0.39%
10-06-2014,61.545,61.545,61.545,61.545,0.00%
10-03-2014,61.545,61.545,61.545,61.545,0.00%
10-02-2014,61.545,61.72,61.72,61.545,-0.29%
10-01-2014,61.725,61.965,61.835,61.593,-0.35%
09-30-2014,61.94,61.94,61.615,61.565,0.62%
09-29-2014,61.56,61.62,61.155,61.155,0.68%
09-26-2014,61.145,61.625,61.345,61.015,-0.31%
09-25-2014,61.335,61.42,60.965,60.925,0.64%
09-24-2014,60.945,61.065,61.045,60.905,-0.18%
09-23-2014,61.055,61.055,60.955,60.875,0.18%
09-22-2014,60.945,60.945,60.795,60.755,0.14%
09-19-2014,60.86,60.9,60.78,60.73,0.20%
09-18-2014,60.74,61.22,61.115,60.74,-0.29%
09-17-2014,60.915,61.043,60.985,60.83,-0.24%
09-16-2014,61.06,61.165,61.025,61.007,-0.07%
09-15-2014,61.105,61.175,60.655,60.655,0.74%
09-12-2014,60.655,61.025,60.975,60.645,-0.45%
09-11-2014,60.93,60.945,60.845,60.72,0.00%
09-10-2014,60.93,61.045,60.78,60.76,0.54%
09-09-2014,60.605,60.673,60.435,60.405,0.55%
09-08-2014,60.275,60.325,60.305,60.212,-0.20%
09-05-2014,60.395,60.505,60.445,60.38,0.06%
09-04-2014,60.36,60.49,60.465,60.355,-0.21%
09-03-2014,60.49,60.695,60.605,60.335,-0.32%
09-02-2014,60.685,60.695,60.585,60.495,0.26%
09-01-2014,60.53,60.535,60.51,60.425,0.02%
08-29-2014,60.52,60.55,60.51,60.47,0.03%
08-28-2014,60.5,60.698,60.405,60.365,0.07%
08-27-2014,60.455,60.515,60.485,60.35,0.03%
08-26-2014,60.435,60.58,60.505,60.435,-0.22%
08-25-2014,60.57,60.58,60.555,60.405,0.17%
08-22-2014,60.47,60.56,60.495,60.365,-0.34%
08-21-2014,60.675,60.8,60.695,60.615,0.10%
08-20-2014,60.615,60.885,60.845,60.52,-0.10%
08-19-2014,60.675,60.785,60.775,60.645,-0.17%
08-18-2014,60.78,60.78,60.78,60.78,0.00%
08-15-2014,60.78,60.85,60.82,60.78,0.02%
08-14-2014,60.765,61.12,61.105,60.765,-0.54%
08-13-2014,61.095,61.315,61.095,61.095,0.02%
08-12-2014,61.085,61.225,61.125,61.075,-0.15%
08-11-2014,61.175,61.265,61.085,61.025,0.05%
08-08-2014,61.145,61.745,61.245,61.135,-0.16%
08-07-2014,61.245,61.555,61.405,61.215,-0.41%
08-06-2014,61.5,61.525,61.035,61.025,1.07%
08-05-2014,60.85,61.005,60.885,60.695,-0.16%
08-04-2014,60.945,61.205,61.205,60.875,-0.44%
08-01-2014,61.215,61.225,60.755,60.7,1.09%
07-31-2014,60.555,60.565,60.245,60.205,0.82%
07-30-2014,60.065,60.245,60.245,60.052,-0.11%
07-29-2014,60.13,60.14,60.125,60.1,0.07%
07-28-2014,60.09,60.17,60.055,60.055,0.05%
07-25-2014,60.06,60.195,60.055,60.01,-0.11%
07-24-2014,60.125,60.165,59.965,59.935,0.17%
07-23-2014,60.02,60.21,60.145,59.96,-0.14%
07-22-2014,60.105,60.305,60.265,60.1,-0.23%
07-21-2014,60.245,60.34,60.285,60.165,-0.07%
07-18-2014,60.285,60.455,60.385,60.245,0.17%
07-17-2014,60.185,60.2,60.025,60.025,0.10%
07-16-2014,60.125,60.275,60.235,60.09,0.00%
07-15-2014,60.125,60.25,60.045,60.005,0.00%
07-14-2014,60.125,60.215,59.97,59.915,0.05%
07-11-2014,60.095,60.315,60.115,59.925,-0.17%
07-10-2014,60.195,60.225,59.685,59.575,0.72%
07-09-2014,59.765,59.95,59.755,59.685,0.02%
07-08-2014,59.755,60.005,59.955,59.665,-0.33%
07-07-2014,59.955,60.06,59.815,59.735,0.39%
07-04-2014,59.725,59.83,59.745,59.645,-0.03%
07-03-2014,59.74,59.85,59.675,59.53,0.08%
07-02-2014,59.692,60.095,60.035,59.59,-0.61%
07-01-2014,60.06,60.2,60.085,60.06,0.00%
06-30-2014,60.06,60.28,60.045,60.005,0.02%
06-27-2014,60.045,60.21,60.21,60.045,-0.27%
06-26-2014,60.21,60.26,60.035,60.035,0.21%
06-25-2014,60.085,60.4,60.255,60.085,-0.12%
06-24-2014,60.16,60.175,60.09,60.08,0.00%
06-23-2014,60.16,60.305,60.065,60.015,-0.02%
06-20-2014,60.175,60.345,60.235,60.135,0.13%
06-19-2014,60.095,60.225,60.225,59.855,-0.34%
06-18-2014,60.3,60.545,60.215,60.065,-0.05%
06-17-2014,60.33,60.525,60.115,60.035,0.24%
06-16-2014,60.185,60.24,59.715,59.715,0.80%
06-13-2014,59.71,59.81,59.31,59.3,0.70%
06-12-2014,59.295,59.375,59.235,59.1,-0.08%
06-11-2014,59.34,59.37,59.33,59.23,0.21%
06-10-2014,59.215,59.35,59.135,59.135,0.02%
06-09-2014,59.205,59.21,59.105,58.975,0.05%
06-06-2014,59.175,59.315,59.165,59.105,-0.14%
